mmsi,shipname,callsign,flag,imo,first_timestamp,last_timestamp
306117000,SIERRALAUREL,PJBQ,ANT,9163403,2018-03-29T08:34:21Z,2018-06-30T17:08:41Z
306873000,SIERRALEYRE,PJJZ,ANT,9135822,2012-01-01T01:06:00Z,2012-06-26T08:58:28Z
309681,GREENBRAZIL,C6WH6,BHS,9045792,2018-06-29T10:34:00Z,2018-06-30T23:47:40Z
308735000,NOVA BRETAGNE,C6JI7,BHS,9000364,2012-01-01T00:39:08Z,2013-09-12T10:03:48Z
311000682,SIERRA LARA,C6DI3,BHS,9120205,2017-07-03T10:28:05Z,2018-06-30T23:35:36Z
311000433,SILVER PEARL,C6CC5,BHS,8400050,2015-08-19T10:00:02Z,2018-06-30T23:57:13Z
311000709,SIERRA LEYRE,C6DL3,BHS,9135822,2017-10-12T08:51:41Z,2018-06-30T06:08:40Z
311043900,GREENCONCORDIA,C6YS7,BHS,9011038,2012-01-03T22:17:16Z,2013-09-09T11:44:22Z
308572000,RUNAWAY BAY,C6PX2,BHS,9019640,2012-01-01T00:28:40Z,2017-02-08T06:13:05Z
308228000,GREEN OCEAN,C6VY8,BHS,9001916,2012-01-03T11:20:45Z,2018-06-30T23:57:00Z
308541000,GREEN SELJE,C6IB5,BHS,8804529,2012-01-06T15:54:49Z,2018-06-30T23:48:42Z
308743000,TAMA STAR,C6MA6,BHS,8517358,2012-01-03T22:03:55Z,2015-05-21T03:08:05Z
308868000,GREEN GUATEMALA,C6WA6,BHS,8912144,2012-01-03T11:04:19Z,2018-06-30T00:42:24Z
309165000,GREEN KLIPPER,C6VY9,BHS,9001904,2012-01-01T02:25:08Z,2018-06-30T23:46:54Z
309281000,GREEN ITALIA,C6WH9,BHS,9045780,2012-01-01T00:52:25Z,2018-06-30T23:44:01Z
309361000,GREEN EXPLORER,C6VZ4,BHS,8922242,2012-01-01T00:04:56Z,2018-06-30T23:01:06Z
309478000,HAINANBAOSHA12,C6NP6,BHS,9063653,2012-01-01T00:20:15Z,2013-03-13T03:33:23Z
352610000,HAINANBAOSHA12,C6NP6,BHS,9063653,2013-03-26T11:30:49Z,2013-03-30T10:46:25Z
309479000,HAINANBAOSHA11,C6NP7,BHS,9063665,2012-01-21T11:08:26Z,2013-03-14T02:30:34Z
309578000,CHANGUINOLABAY,C6RB2,BHS,8801814,2012-01-01T06:38:54Z,2014-07-18T01:00:00Z
309689000,GREEN COSTA RICA,C6WB3,BHS,8912120,2012-01-05T01:34:11Z,2018-06-30T22:40:08Z
311004000,GREEN MAVERIC,C6VY2,BHS,9043055,2012-01-01T00:05:36Z,2018-06-30T18:53:35Z
311009400,GREEN KARMOY,C6XH2,BHS,8804531,2012-01-03T22:46:52Z,2018-06-30T15:50:35Z
311009600,GREEN FREEZER,C6XH4,BHS,8819304,2012-01-03T16:43:04Z,2018-06-30T20:15:13Z
311009700,GREEN CRYSTAL,C6XH5,BHS,8920995,2012-01-03T01:52:53Z,2018-06-30T22:51:02Z
311011400,GREEN COOLER,C6XJ4,BHS,8804543,2012-01-03T17:33:57Z,2018-06-30T23:58:02Z
311029000,GREEN MAGNIFIC,C6VY3,BHS,9011492,2012-01-01T08:00:08Z,2017-05-09T09:21:27Z
311034800,GREEN AUSTEVOLL,C6YS6,BHS,8819299,2014-05-04T21:25:02Z,2014-05-05T08:38:30Z
311043800,GREEN AUSTEVOLL,C6YS6,BHS,8819299,2012-01-01T00:03:40Z,2018-06-30T22:18:05Z
311040500,GREEN EGERSUND,C6YO8,BHS,8804567,2012-01-05T16:25:00Z,2018-06-30T23:58:21Z
311042300,GREENTOLEDO,C6YQ8,BHS,9015785,2012-01-02T22:29:01Z,2015-03-17T22:33:50Z
311042400,GREEN MALOY,C6YQ9,BHS,8804579,2012-01-03T00:19:25Z,2018-06-29T22:21:14Z
311289000,GREEN HONDURAS,C6WH8,BHS,8912132,2012-01-19T17:19:04Z,2018-06-30T23:43:58Z
311449000,GREEN MUSIC,C6VY4,BHS,8822595,2012-01-29T03:36:11Z,2018-06-30T01:29:17Z
311461000,GREEN MAGIC,C6VY5,BHS,8822583,2012-01-02T22:13:56Z,2018-06-30T15:49:50Z
312534000,OKAPIMARTA,V3ZR6,BLZ,7816472,2013-07-10T13:33:21Z,2013-07-17T19:49:02Z
312900000,NOVIYSVET,V3NM,BLZ,8509557,2012-01-02T20:34:46Z,2012-09-14T00:35:27Z
312022000,FRIOCONFIDANZE,V3QW5,BLZ,7713242,2013-09-14T04:05:11Z,2016-09-19T03:35:11Z
355466000,FRIOCONFIDANZE,V3QW5,BLZ,7713242,2012-02-16T04:54:26Z,2012-08-16T16:11:06Z
888888888,FRIOCONFIDANZE,V3QW5,BLZ,7713242,2016-10-11T17:05:33Z,2018-06-19T18:21:36Z
312174000,RANGIROA,V3SY5,BLZ,8210259,2012-11-23T09:57:01Z,2014-11-05T08:04:40Z
312219000,REINA,V3ET2,BLZ,8202226,2012-01-03T16:43:15Z,2013-06-07T13:36:52Z
312273000,HAI FENG 678,V3PI,BLZ,9016961,2013-10-30T07:35:14Z,2015-08-01T02:05:30Z
312284000,QIANYUAN,V3KX2,BLZ,8819691,2012-01-13T08:16:16Z,2013-01-08T05:33:10Z
312377000,OCEAN MARINER,V3LJ,BLZ,8217104,2012-07-24T04:51:51Z,2014-06-17T02:37:16Z
312379000,FRIO POSEIDON,V3YQ5,BLZ,8811687,2012-03-07T02:13:11Z,2012-11-30T07:49:03Z
312413000,QIAO TAI,V3TV5,BLZ,9677595,2012-12-23T04:24:29Z,2014-09-22T06:31:57Z
312621000,ZHONG ZHOU 1,V3KS3,BLZ,9044358,2014-01-14T05:48:15Z,2015-08-11T03:15:58Z
312844000,GLOBAL MARINER,V3KG3,BLZ,8813582,2012-07-17T19:44:17Z,2014-05-29T01:38:59Z
312845000,TOKACHI FROST,V3RS6,BLZ,8503242,2013-09-25T11:07:26Z,2015-05-15T10:41:34Z
518332000,TOKACHIFROST,V3RS6,BLZ,8503242,2015-05-15T17:57:20Z,2015-12-11T10:45:52Z
312862000,NORMANDIC,V3OJ6,BLZ,8215936,2012-01-01T00:29:26Z,2016-05-23T19:45:11Z
312887000,HAI FENG 668,V3OL8,BLZ,8800236,2012-01-01T09:47:53Z,2014-12-30T06:57:22Z
312932000,JIN MAO,V3HX3,BLZ,7927037,2012-03-12T13:12:37Z,2015-05-18T00:48:10Z
312097000,ALASKA,V3JL2,BLZ,NA,2012-01-03T00:14:36Z,2013-10-01T02:53:02Z
310324000,TALCA,ZCBZ5,BMU,8616324,2012-01-15T17:57:40Z,2012-11-15T09:42:58Z
314006000,LAPPONIAN REEFER,8PLJ,BRB,8917534,2015-04-28T15:12:53Z,2016-10-03T07:03:27Z
314233000,BOSSE,8PTO,BRB,8312655,2012-01-01T02:19:16Z,2014-08-13T01:55:09Z
316001828,RONJA CARRIER,CFK9573,CAN,9282845,2012-01-20T15:08:56Z,2018-06-29T22:36:38Z
316018751,RONJA,CFN5530,CAN,9165475,2012-01-31T01:24:41Z,2018-06-24T03:37:09Z
316007244,WESTERN COMMANDER,NA,CAN,NA,2012-01-10T19:26:03Z,2018-04-09T18:20:26Z
725000962,RONIA AUSTRAL,CA3966,CHL,9229465,2012-04-13T14:59:57Z,2018-06-30T17:21:50Z
725000963,RONIA PACIFIC,CA3967,CHL,9276963,2012-04-14T16:12:21Z,2018-06-30T22:26:54Z
725001544,RONIA ATLANTIC,CA5569,CHL,9451563,2016-05-04T14:09:39Z,2018-06-30T23:39:46Z
725000971,FAEROY,CA4049,CHL,9201891,2012-07-24T15:16:42Z,2018-06-30T17:25:05Z
312003000,TIAN XING,V3PG2,CHN,8731930,2014-04-10T21:47:45Z,2014-11-09T11:22:47Z
671918000,QIAN YUAN,5VEZ8,CHN,8819691,2017-10-18T01:28:35Z,2018-05-04T06:51:32Z
412208610,HAIYING,BANV,CHN,8319598,2012-07-27T08:32:20Z,2013-05-30T04:01:48Z
677058600,LIAO CHANG LENG 9,5IM686,CHN,8933083,2017-05-06T19:51:55Z,2018-02-10T16:28:15Z
412420105,ZHE ZHOU YU LENG 220,BZ9UP,CHN,8981341,2012-09-08T09:17:25Z,2017-11-27T04:02:00Z
412420329,XIN ZHOU,BZ6VD,CHN,NA,2012-10-18T15:55:16Z,2018-05-14T18:45:02Z
412441730,HAI FENG 101,BZ2UN,CHN,8785448,2012-08-25T02:10:16Z,2018-04-16T06:21:11Z
529624000,FRIENDSHIP,NA,CHN,8936061,2013-07-03T01:50:43Z,2015-07-10T08:55:23Z
515344000,LIAO CHANG LENG 3,NA,CHN,8863630,2012-11-12T21:34:15Z,2016-04-13T19:54:33Z
412441730,HAIFENG101,NA,CHN,NA,2012-08-25T02:10:16Z,2018-04-16T06:21:11Z
412000000,HONGFENGHAO1,BVSP7,CHN,9756573,2014-11-03T07:00:13Z,2014-11-10T07:48:06Z
413700350,HONG FENG 1 HAO,BVSP7,CHN,9756573,2014-12-02T05:50:10Z,2018-06-30T23:56:37Z
412203940,XIANYU2,BAMF,CHN,9279903,2012-01-06T01:40:16Z,2017-11-20T03:11:11Z
412206010,RENCHENG1,BALC,CHN,9374375,2012-03-09T03:32:36Z,2017-11-24T02:21:50Z
412206290,HUANG HAI MING ZHU,BASJ,CHN,9407433,2012-04-05T22:05:21Z,2018-06-14T06:35:31Z
412453002,FU YUAN YU F32,BVCY7,CHN,8410433,2012-01-02T21:54:13Z,2018-06-30T10:21:39Z
412453005,FENGHAI2,BVHC7,CHN,7810698,2012-07-24T07:11:26Z,2018-06-30T23:57:55Z
412672930,ZHE LENG 7,BKAE5,CHN,9025649,2012-01-01T02:33:32Z,2014-06-27T01:12:13Z
412766030,ZHE LENG 7,BKAE5,CHN,9025649,2014-06-27T01:18:51Z,2018-06-30T21:22:09Z
412679470,DONGYUAN2,BZUT8,CHN,9024712,2012-02-03T21:57:12Z,2018-06-30T22:36:27Z
413447320,HAIJILI,T3PM2,CHN,9677595,2016-06-22T10:10:11Z,2016-07-14T07:26:37Z
412276434,LURONGYUYUN56219,BBFS,CHN,NA,2012-09-01T07:44:07Z,2017-12-25T05:19:34Z
412329639,LURONGYUANYUYUN158,BBZS3,CHN,9736339,2014-01-22T23:32:36Z,2018-06-26T09:34:06Z
412331049,LURONGYUANYUYUN1,BZSU,CHN,8786478,2013-12-02T01:19:04Z,2018-06-30T23:56:02Z
412331177,LUWENYUANYUYUN888,BCFH,CHN,8785943,2016-02-25T08:18:52Z,2018-06-30T23:35:42Z
412420952,XINHAILENG6,BZV4S,CHN,8786791,2014-11-22T14:42:13Z,2018-05-05T07:45:57Z
412440004,FUYUANYU91,BAWE,CHN,8414295,2012-01-01T00:02:59Z,2018-04-25T23:00:39Z
412440007,MIN XIA YU 1458,BVBR7,CHN,8426951,2012-01-08T06:10:54Z,2013-03-03T11:13:33Z
412704070,MIN XIA YU 1458,BVBR7,CHN,8426951,2013-02-24T11:17:18Z,2018-06-30T23:28:06Z
412440033,FUYUANYUF53,BMWA,CHN,NA,2012-08-15T14:05:59Z,2018-06-29T16:22:10Z
412440252,FUYUANYULENG15,BZU3K,CHN,NA,2013-09-09T06:22:14Z,2018-06-13T06:08:16Z
412440253,FUYUANYULENG16,BZU4K,CHN,NA,2013-09-09T03:31:09Z,2018-06-30T08:48:27Z
412440254,FUYUANYULENG19,BZU5K,CHN,NA,2013-09-05T05:45:49Z,2018-06-30T23:00:02Z
412440364,FUYUANYUYUN87,BVMO5,CHN,NA,2015-04-02T06:35:25Z,2018-06-29T08:54:21Z
412458510,JINCHENGXING7,BVEK,CHN,NA,2012-01-03T23:20:15Z,2018-05-14T23:54:05Z
412676880,FUYUANYUF98,BZ2US,CHN,8792178,2014-10-18T06:54:04Z,2018-06-15T06:19:20Z
412455820,JINCHENGXING7,BVEK,CHN,NA,2014-09-15T04:49:19Z,2014-09-15T11:32:06Z
412458520,JINCHENGXING7,BVEK,CHN,NA,2014-08-21T23:30:13Z,2015-03-13T00:12:10Z
413458510,JINCHENGXING7,BVEK,CHN,NA,2014-09-15T11:49:47Z,2014-12-18T00:45:40Z
412458512,JINCHENGXING7,BVEK,CHN,NA,2015-01-15T17:32:01Z,2015-01-17T01:04:57Z
412330149,LURONGYUANYUYUN789,NA,CHN,NA,2016-12-02T09:56:48Z,2018-06-30T21:46:04Z
412331493,LURONGYUANYUYUN899,NA,CHN,NA,2016-12-18T02:05:50Z,2018-06-01T07:56:34Z
412440493,FUYUANYULENG999,NA,CHN,NA,2015-10-29T06:38:45Z,2018-06-06T19:43:43Z
200001140,FU YUAN YU F86,BZ1UR,CHN,8798419,2013-07-04T16:01:39Z,2018-05-10T15:06:30Z
412694950,FU YUAN YU F86,BZ1UR,CHN,8798419,2012-08-01T00:01:55Z,2018-06-28T08:13:22Z
412322280,TAI NING,BBQR,CHN,8217116,2012-01-13T08:22:25Z,2016-12-30T19:43:38Z
412322340,TAI XING,BCIO,CHN,8210273,2015-01-31T01:34:54Z,2016-06-01T02:00:49Z
412202350,TAI YU,BAIL,CHN,8810657,2012-01-18T12:14:03Z,2017-05-21T06:33:28Z
412203740,TAI XIANG,BAPI,CHN,9005625,2012-03-20T00:00:27Z,2018-06-30T10:45:45Z
412300004,HAI FENG 896,BZZQ5,CHN,9002180,2012-01-01T00:29:56Z,2018-06-30T00:31:51Z
412421049,NING TAI LENG 7,BZW6E,CHN,9821134,2016-06-08T03:52:42Z,2018-05-14T18:43:56Z
412423655,PU YUAN LENG 6,BZV7S,CHN,8779918,2015-01-19T10:33:51Z,2018-06-30T20:23:58Z
412439619,YONG FA YUN 10,BZW5B,CHN,9787716,2015-11-10T12:49:34Z,2017-09-27T01:50:47Z
412439759,YONG FA YUN 12,BZW6B,CHN,9797527,2016-03-07T00:06:35Z,2017-12-14T02:24:23Z
412660240,HAI FENG 823,BKUG,CHN,8863496,2012-01-02T17:20:06Z,2018-06-30T18:08:32Z
412946000,KAI YUAN,BIUA,CHN,8317409,2012-01-01T01:28:35Z,2017-08-02T07:45:15Z
412699340,FUYUANYUF88,NA,CHN,NA,2012-10-14T08:56:08Z,2016-10-28T21:17:07Z
518332000,TOKACHIFROST,E5U2582,COK,8503242,2012-01-01T04:28:26Z,2018-06-30T23:44:03Z
518184000,LAPPONIAN REEFER,E5U2135,COK,8917534,2012-01-02T20:29:33Z,2015-04-28T15:07:56Z
518100019,UNION ONE,E5U2964,COK,7809390,2015-07-08T09:11:38Z,2018-05-26T01:33:06Z
730151013,ORION S,HKJC7,COL,8513869,2013-11-22T18:11:48Z,2018-06-20T16:37:05Z
620149000,FRIO SEVEN,D6A2149,COM,8215936,2016-05-23T20:00:07Z,2018-05-09T10:36:04Z
616401000,SILVER ICE,D6DA5,COM,7819759,2012-01-23T23:00:01Z,2018-06-30T22:31:53Z
616735000,SALYREEFER,D6EU2,COM,7813925,2012-08-03T18:44:16Z,2018-06-30T12:53:37Z
616757000,DELTAREEFER,D6EW9,COM,7912408,2012-01-02T16:53:34Z,2018-06-04T19:01:19Z
616852000,GABU REEFER,D6FJ2,COM,8300949,2012-01-06T14:10:41Z,2018-06-30T23:55:18Z
616885000,SOLARTE,D6FM9,COM,8210285,2012-01-01T09:50:08Z,2018-06-30T23:59:50Z
306073000,SIERRAMODOC,PJHG,CUW,9076246,2012-07-05T00:02:52Z,2013-02-18T10:08:22Z
306871000,SIERRALARA,PJYP,CUW,9120205,2012-01-12T00:11:05Z,2013-08-29T12:19:27Z
306511000,ANTILLA,PJJI,CUW,8812801,2012-01-03T16:44:01Z,2016-04-20T14:41:23Z
306509000,ARUBA,PJJH,CUW,8812796,2012-01-01T06:31:53Z,2016-08-18T23:50:20Z
306303000,HOPEBAY,PJQK,CUW,9135169,2012-01-08T17:16:41Z,2015-11-09T15:08:46Z
306497000,NOVA ZEELANDIA,PJHA,CUW,8514784,2012-01-05T09:06:17Z,2018-06-30T23:44:34Z
306752000,NOVA FLORIDA,PJUP,CUW,8813635,2012-01-02T22:19:40Z,2018-06-30T20:29:17Z
306796000,BREIZ KLIPPER,PJQV,CUW,8917211,2012-01-01T21:15:13Z,2018-06-30T20:04:23Z
306862000,COPPENAME,PJYM,CUW,8807636,2012-01-01T00:52:31Z,2018-06-30T21:26:04Z
306872000,SIERRA LOBA,PJYS,CUW,9120217,2012-01-01T07:49:41Z,2018-06-30T23:44:36Z
319166000,ICE RIVER,ZCCT6,CYM,8311118,2012-01-02T10:30:08Z,2012-07-23T05:37:10Z
319235000,ICERUNNER,ZCMO7,CYM,8311120,2012-01-01T07:21:16Z,2012-06-28T23:37:21Z
319245000,ICE RANGER,ZCMO6,CYM,8311132,2012-01-07T08:12:26Z,2012-06-21T09:00:04Z
210631000,FRIO FORWIN,5BWC3,CYP,9076260,2013-05-15T20:19:43Z,2018-06-30T23:56:03Z
210966000,BALTIC FORWARD,P3BI4,CYP,8509533,2012-02-02T18:08:42Z,2017-12-15T10:21:26Z
212373000,FORLINE1,P3HQ8,CYP,8216722,2012-02-01T14:53:51Z,2018-06-21T15:12:07Z
212857000,BELBEK,P3MG8,CYP,9140970,2014-02-10T14:34:29Z,2018-06-30T23:46:17Z
325700000,HAIJILI,J7CX2,DMA,9677595,2016-07-14T07:27:45Z,2018-06-24T10:22:55Z
325753000,OCEAN STAR 96,J7DE4,DMA,8517358,2017-01-09T08:25:13Z,2018-06-30T23:56:19Z
325447000,NORCAPE,J7BP8,DMA,8800224,2012-01-08T07:37:42Z,2013-04-27T13:52:15Z
224124000,SALICA FRIGO,EBTL,ESP,9238703,2012-01-01T08:59:38Z,2018-06-29T15:02:33Z
224434000,IZAR ARGIA,EHCB,ESP,8817801,2012-01-13T18:38:58Z,2018-06-30T06:48:57Z
224500000,HERMANOS PINZON,EEDF,ESP,7816472,2012-12-11T17:14:48Z,2012-12-12T10:20:41Z
520093696,WANJINHAI9918,T3PR,FJI,8024935,2014-05-06T04:14:04Z,2018-01-16T23:51:55Z
231792000,HARENGUS,OZ2168,FRO,8920983,2016-11-16T10:20:55Z,2018-06-30T22:48:48Z
510182000,QIANYUAN,V6LF,FSM,8819691,2016-05-24T11:41:37Z,2017-10-18T01:10:50Z
627047000,VOLTA GLORY,9GII,GHA,8323604,2012-01-01T11:32:46Z,2018-06-30T23:05:58Z
627084000,VOLTAVICT,9GRG,GHA,9140102,2012-01-02T20:21:37Z,2018-06-30T23:38:12Z
627093246,VOLTAVICT,9GRG,GHA,9140102,2013-03-16T10:44:01Z,2015-05-05T15:10:54Z
334622000,NEWSEAREEFER,HQXM3,HND,7637527,2012-06-09T01:16:56Z,2015-11-10T10:55:58Z
334674000,WISDOMSEAREEFER,HQXQ4,HND,7637527,2015-11-02T06:50:31Z,2017-11-20T14:00:40Z
334533000,URGULL,HQWX4,HND,8810190,2012-01-08T06:32:44Z,2015-10-01T15:09:32Z
334548000,AMORY,HQXP3,HND,8608597,2014-03-07T02:03:31Z,2018-06-30T19:31:19Z
334567000,CHAINAVEEREEFER,HQXO6,HND,7637591,2013-10-17T08:03:21Z,2018-06-30T15:48:04Z
334640000,BLISSFULREEFER,HQXO8,HND,5296795,2014-03-14T02:32:29Z,2018-06-28T10:49:48Z
353799000,BLISSFULREEFER,HQXO8,HND,5296795,2014-02-05T21:35:56Z,2014-03-02T21:50:54Z
334667000,PRECIOUS9,HQXQ2,HND,7811513,2015-10-07T20:42:04Z,2015-11-19T09:50:50Z
525010170,SUMBERSUKSESUTAMA,PNOP,IDN,7905027,2012-09-05T02:08:26Z,2016-05-09T06:49:45Z
422733000,KOOSHA 3,9BQJ,IRN,7917458,2012-07-01T18:56:59Z,2018-03-23T21:11:58Z
431008347,DAISHIMARU11,JD4024,JPN,9782235,2016-08-09T00:12:35Z,2016-09-03T06:46:22Z
431149000,SUMIHO MARU NO.68,JL5832,JPN,9015292,2015-10-03T10:49:38Z,2018-06-30T23:04:24Z
431700203,NITTOMARU33,JD2449,JPN,8821345,2017-01-30T06:28:11Z,2017-11-30T01:03:39Z
431008827,KAIKOMARU81,JD4127,JPN,NA,2016-11-22T00:34:11Z,2017-02-12T16:47:12Z
431146000,HUKU MARU NO.78,JL6537,JPN,NA,2015-05-04T02:05:05Z,2018-06-30T23:20:04Z
431200264,KAIKO MARU NO.37,JH3171,JPN,NA,2015-08-08T04:42:16Z,2018-06-16T03:25:37Z
431401138,KAIKO MARU NO.36,JK4863,JPN,NA,2015-08-21T15:19:12Z,2018-03-14T01:50:04Z
431401161,KAIKO MARU NO.33,JE3026,JPN,NA,2015-05-23T00:09:44Z,2018-01-12T05:56:40Z
431472000,ORION,JATC,JPN,8520496,2012-01-24T11:42:20Z,2014-03-10T02:23:21Z
431201000,TAISEI MARU NO.15,7JTK,JPN,8710728,2015-05-15T01:37:31Z,2018-06-30T17:37:37Z
431263000,GOUTA MARU,7JUZ,JPN,9746827,2015-10-18T23:34:24Z,2018-06-30T23:41:29Z
431678000,TAISEI MARU NO.24,JILE,JPN,9086758,2012-01-07T00:42:46Z,2018-06-30T23:11:31Z
431003873,KAIKOMARU NO.85,JD3401,JPN,NA,2015-08-17T01:40:00Z,2018-06-25T20:03:16Z
514087000,HAI TONG DA,XUGT4,KHM,8426913,2014-11-10T16:25:19Z,2016-04-15T13:04:27Z
515924000,DART,XUKP3,KHM,8421274,2012-08-30T10:17:59Z,2015-09-18T08:46:34Z
514394000,LUIN,XUAU2,KHM,8727018,2013-03-05T10:44:43Z,2013-07-22T09:15:33Z
515604000,OCEANDREAM,XUDP7,KHM,8834689,2012-04-25T11:25:19Z,2014-05-08T07:59:13Z
515201000,QIANYUAN,XUFN4,KHM,8819691,2013-01-08T05:39:37Z,2016-02-02T23:20:16Z
514361000,SOMBRAVOLANTE,XUCR6,KHM,8408258,2012-08-23T00:06:16Z,2013-07-10T03:59:07Z
514666000,BEAM,XUGH2,KHM,8408258,2013-07-24T05:00:22Z,2014-03-04T01:42:35Z
514266000,MINGFENG,XUDF5,KHM,8214827,2012-01-01T03:34:03Z,2015-11-23T23:15:02Z
514957000,HAISUN158,XUCF6,KHM,9011911,2012-02-10T06:10:51Z,2013-05-12T03:08:38Z
514298000,MINGHANG8,XUJF6,KHM,8224432,2014-09-09T07:46:27Z,2015-11-15T05:12:12Z
515183000,YONGXIANG8,XUCX2,KHM,8609280,2012-01-09T05:41:09Z,2015-11-19T12:16:12Z
515777000,QIHANG,XUCT6,KHM,8609292,2012-01-02T07:53:21Z,2015-12-30T22:28:58Z
514211000,HAI CHI 3,XUDU6,KHM,8649151,2012-02-01T02:50:53Z,2013-10-08T20:19:43Z
514740000,HAIFENG66,XUEC2,KHM,7809390,2012-03-15T18:17:46Z,2014-11-19T01:07:52Z
667401500,HAIFENG66,XUEC2,KHM,7809390,2012-03-14T18:07:18Z,2012-03-15T06:30:38Z
515175000,NADIZ,XUFB6,KHM,9101871,2012-08-25T03:21:57Z,2017-04-27T05:06:39Z
515557000,HENGXING1,XUPA8,KHM,8834421,2012-01-03T15:17:45Z,2013-06-24T04:10:37Z
515717000,RUI HANG,XUFX9,KHM,8426975,2012-01-06T01:22:34Z,2015-11-11T02:21:03Z
515887000,KAMANGA,XUJW9,KHM,7614812,2012-01-01T11:48:51Z,2015-07-10T15:16:13Z
528565426,FOR SHINE 1,T3HM2,KIR,8891302,2014-05-10T18:22:48Z,2018-03-05T06:56:49Z
529614000,FOR SHINE 1,T3HM2,KIR,8891302,2013-06-08T01:31:41Z,2015-07-27T10:12:37Z
529089000,SHIN HO CHUN 101,T3LR,KIR,9220653,2012-01-01T03:19:17Z,2015-07-17T05:09:38Z
529623000,RETRIEVER,T3HW2,KIR,9109500,2013-06-16T09:31:12Z,2016-10-14T22:27:41Z
529523000,SEA GLORY,T3DS2,KIR,9009695,2012-11-18T08:51:50Z,2015-07-31T15:49:03Z
312413000,QIAO TAI,T3PM2,KIR,9677595,2014-09-22T01:42:25Z,2014-09-22T06:31:57Z
529758000,QIAO TAI,T3PM2,KIR,9677595,2014-09-22T06:44:17Z,2016-06-12T02:42:56Z
529844000,ZHONGZHOU1,T3TB2,KIR,9044358,2015-08-11T07:35:12Z,2016-12-08T00:53:33Z
529764000,WEI SHUN,T3PT2,KIR,8312655,2014-08-21T07:32:11Z,2016-10-27T00:52:46Z
529620000,PUNTORUSSO,T3HT2,KIR,8612304,2013-05-31T12:16:50Z,2016-02-12T11:44:09Z
529485000,SYOTA MARU,T3CC2,KIR,9087908,2012-08-19T16:01:36Z,2015-11-02T22:48:15Z
529105000,TAIFU3,T3MH,KIR,7927453,2012-01-25T04:13:48Z,2016-12-06T02:01:53Z
529529000,CHAN HAN NO.6,T3DY2,KIR,7812074,2012-10-18T04:18:09Z,2015-07-17T07:25:21Z
529120000,WIN UNI,T3MY,KIR,7302299,2013-04-17T00:30:15Z,2017-10-20T21:12:37Z
529567000,YUN RUN,T3FN2,KIR,9003756,2013-01-31T05:30:36Z,2018-06-30T20:21:44Z
529642000,MELTEMI,T3JR2,KIR,9172442,2013-07-11T17:37:25Z,2016-06-02T06:35:29Z
529604000,PS REEFER,T3HB2,KIR,8221947,2013-04-18T03:18:26Z,2015-07-21T23:59:48Z
529558000,NAFTILOS,T3FD2,KIR,8503723,2013-04-07T09:27:27Z,2018-02-02T07:58:38Z
529874000,MING FENG,T3UH2,KIR,8214827,2015-11-25T23:14:08Z,2017-11-15T03:38:46Z
529304000,SEIWA,T3VQ,KIR,9021277,2012-01-02T17:56:17Z,2015-03-26T06:30:24Z
529052000,FORTUNA REEFER,T3KB,KIR,7908770,2012-01-01T10:40:04Z,2016-07-03T17:36:38Z
529132000,YUNG DA FA 101,T3NL,KIR,8508840,2012-01-01T03:18:33Z,2015-04-26T05:50:03Z
454215600,MIN TAI LENG,T3HD2,KIR,8627309,2014-11-29T11:38:01Z,2014-12-02T01:26:01Z
529606000,MIN TAI LENG,T3HD2,KIR,8627309,2013-05-31T02:51:31Z,2014-11-27T23:02:03Z
529445000,TAI XING,T3AL2,KIR,8210273,2012-01-01T00:36:38Z,2015-01-31T01:16:33Z
529605000,XIN RUI,T3HC2,KIR,9065534,2013-11-08T05:46:04Z,2018-06-30T23:59:17Z
372177000,KRASKINO,3EPS9,KIR,8906808,2012-01-01T05:31:18Z,2015-07-09T01:59:33Z
529382000,SEA STAR,T3YU,KIR,8914221,2012-01-01T03:14:31Z,2015-11-13T01:58:01Z
529346000,FULL KUO SHIN,T3XH,KIR,8604967,2012-01-24T04:36:03Z,2017-10-01T02:21:23Z
529615000,HAI SHUN 158,T3HN2,KIR,9011911,2013-06-13T05:44:29Z,2015-09-18T05:17:31Z
529086000,SHIN HO CHUN 102,T3LN,KIR,9262182,2012-01-01T01:40:17Z,2015-07-09T02:37:49Z
529607000,HAN XING,T3HE2,KIR,9586332,2013-05-11T02:07:04Z,2015-09-30T22:20:14Z
667003111,HAN XING,T3HE2,KIR,9586332,2013-05-08T07:36:55Z,2013-05-11T01:11:38Z
529096000,TAI FU NO.1,T3LY,KIR,7908976,2012-01-03T16:39:35Z,2015-08-31T05:28:44Z
529087000,LAKE HILL,T3LP,KIR,8028955,2012-01-01T22:06:56Z,2015-07-21T00:57:40Z
529578000,YUN RUN 3,T3FZ2,KIR,9161613,2013-02-22T07:59:24Z,2016-02-24T23:52:39Z
529650000,HAO XIANG,T3JZ2,KIR,7812062,2013-09-03T13:09:51Z,2015-10-27T07:05:48Z
529650006,HAO XIANG,T3JZ2,KIR,7812062,2013-08-27T07:36:10Z,2013-09-02T12:28:25Z
529837000,WEI LI,T3SU2,KIR,7726706,2015-07-08T02:53:28Z,2016-09-30T01:03:34Z
529161000,HANYI2,T3PR,KIR,8024935,2012-01-11T06:46:51Z,2012-02-23T04:26:04Z
529092000,SUN BIG NO.3,T3LU,KIR,7352804,2012-01-01T03:27:35Z,2014-06-28T07:46:55Z
529101000,HUA JIAN 1,T3MD,KIR,7908732,2012-05-27T01:07:53Z,2018-06-25T04:08:43Z
530149576,HUA JIAN 1,T3MD,KIR,7908732,2012-01-01T12:02:43Z,2012-05-10T10:59:49Z
529268000,HUA JIAN 109,T3UC,KIR,7929762,2012-04-11T05:31:10Z,2018-06-11T23:33:52Z
529354000,HUA JIAN 107,T3XR,KIR,8421298,2012-01-03T12:04:32Z,2018-02-26T23:55:23Z
529608000,PING DA 7,T3HF2,KIR,9441960,2013-05-01T06:48:16Z,2014-03-26T01:10:25Z
529781000,ZHONGXIANG,T3QL2,KIR,8814299,2014-10-23T22:07:50Z,2016-06-30T15:25:33Z
341049000,FRIO ARKHANGELSK,V4KI2,KNA,8860444,2012-01-30T11:02:20Z,2017-12-27T21:08:30Z
341104000,FRIO VLADIVOSTOK,V4XE2,KNA,9175274,2014-01-03T16:22:11Z,2015-04-22T12:25:41Z
341759000,FRIO PETROPAVLOVSK,V4RV2,KNA,9076258,2013-03-11T14:04:02Z,2017-11-07T15:54:51Z
341092000,AQUAMARINE,V4DO,KNA,7719595,2012-01-03T13:00:56Z,2014-01-27T12:19:26Z
341891000,HARENGUS,V4WE2,KNA,8920983,2013-10-25T08:30:41Z,2016-11-16T08:46:11Z
341889000,NOVA CALEDONIA,V4WD2,KNA,8518807,2013-11-05T06:25:17Z,2018-06-30T21:11:38Z
341307000,NOVIY SVET,V4OQ2,KNA,8509557,2012-09-16T14:25:25Z,2017-03-27T13:26:08Z
341307003,NOVIY SVET,V4OQ2,KNA,8509557,2015-07-31T10:40:37Z,2015-11-03T04:59:21Z
341307004,NOVIY SVET,V4OQ2,KNA,8509557,2015-11-13T07:56:43Z,2015-11-16T05:02:35Z
341307007,NOVIY SVET,V4OQ2,KNA,8509557,2015-06-08T16:58:29Z,2015-11-12T06:38:49Z
341091000,SUNNY LINA,V4JU2,KNA,7826142,2012-01-28T00:02:39Z,2017-10-19T01:36:00Z
341464000,ATLANTICREEFER,V4KJ3,KNA,8817186,2016-01-13T06:35:38Z,2017-12-18T02:14:37Z
314099000,ATLANTICLADY,V4JY2,KNA,8500630,2016-08-05T11:32:06Z,2016-08-08T07:01:33Z
341099000,ATLANTIC LADY,V4JY2,KNA,8500630,2012-01-15T20:26:37Z,2018-03-22T09:49:07Z
341838000,RANGIROA,V4ET3,KNA,8210259,2014-11-26T12:47:21Z,2018-03-07T12:02:03Z
341384000,REINA,V4TY2,KNA,8202226,2013-06-10T10:49:24Z,2017-05-04T17:00:04Z
341353000,SPRING BAY,V4ZK2,KNA,8604606,2014-04-15T21:19:53Z,2016-09-10T10:10:52Z
341009000,FRIO MURMANSK,V4KD2,KNA,8845717,2012-01-24T06:40:22Z,2018-06-30T23:44:42Z
341244000,NOVAYA ZEMLYA,V4TT2,KNA,8514796,2013-06-09T09:36:11Z,2018-02-23T07:03:18Z
341095000,SUNNY LISA,V4JW2,KNA,7359278,2012-02-14T21:45:30Z,2018-06-30T23:31:40Z
341443000,HAI FENG 898,V4UF2,KNA,8420751,2013-06-28T11:11:09Z,2018-06-12T11:07:04Z
341537000,BEAM,V4BH3,KNA,8408258,2014-09-12T07:10:56Z,2018-05-30T14:04:03Z
441723000,SAEHAN STELLAR,DSML2,KOR,9016698,2012-01-03T16:44:31Z,2016-06-01T01:21:26Z
440116610,KWANGMYUNG111,DSF100,KOR,8420957,2012-10-02T19:59:51Z,2018-06-30T02:55:18Z
440906000,TAELIM JASMINE,DSPF5,KOR,8708191,2012-08-22T23:30:42Z,2018-06-30T16:05:55Z
441923000,SEIN STAR,DSRN5,KOR,8319029,2013-05-10T06:34:32Z,2018-06-19T22:22:46Z
440241000,SEIN VENUS,D7NH,KOR,9003146,2014-04-28T05:00:43Z,2017-08-01T03:39:26Z
440220000,ORION NO.1,D7NA,KOR,8520496,2014-03-28T01:45:47Z,2017-03-15T05:13:56Z
440014000,LAKE NOVA,D7AL,KOR,9009669,2015-07-29T06:13:48Z,2018-06-30T23:52:39Z
441949000,GREEN CAPE,DSMA5,KOR,8800224,2015-11-03T08:37:03Z,2018-06-30T23:14:23Z
440217000,BADARO,D7MZ,KOR,9163439,2014-03-26T00:55:08Z,2018-06-30T23:12:04Z
440102000,TORAH,DSRO9,KOR,8815023,2013-09-03T13:10:15Z,2017-12-05T02:19:59Z
440214000,SEIN QUEEN,D7MY,KOR,8807430,2014-04-02T03:42:11Z,2018-06-30T21:00:37Z
440057000,KHOROL,D7MH,KOR,8904068,2013-10-30T02:26:04Z,2015-01-17T12:53:17Z
440057000,OCEAN JIN,D7MH,KOR,8904068,2015-02-07T02:19:08Z,2018-04-11T03:59:10Z
440222000,LAKE CASTLE,D7NB,KOR,9004657,2014-04-16T17:07:33Z,2018-06-30T23:58:09Z
440686000,DHARA,D7WB,KOR,8904941,2017-01-04T00:28:50Z,2018-06-30T23:49:11Z
440046000,SEIWA,DSMA2,KOR,9021277,2015-08-19T08:09:17Z,2018-06-30T20:48:10Z
440170000,OCEAN CHO,D7BO,KOR,8906808,2015-07-04T06:34:04Z,2018-06-30T22:41:24Z
440257000,FRIO ANTARCTIC,D7NU,KOR,8807466,2014-09-03T16:06:26Z,2016-01-12T04:19:03Z
441834000,IRIS,DSRH3,KOR,8513039,2012-02-11T11:09:28Z,2015-09-15T01:10:33Z
441725000,SEIN OCEAN,DSMN2,KOR,8312461,2012-01-04T10:02:19Z,2016-04-03T05:45:39Z
440097000,SEIN SKY,DSRO7,KOR,8813623,2013-08-19T23:08:30Z,2018-06-25T22:27:08Z
440101000,MONONOK,DSRO8,KOR,8911607,2013-08-28T06:11:44Z,2018-06-30T23:39:14Z
440113000,PHAROSTAR,D7MK,KOR,9087910,2013-12-23T13:14:59Z,2018-06-30T23:54:33Z
440116000,SALTLAKE,D7MG,KOR,8603121,2013-11-21T06:08:08Z,2018-06-30T23:29:00Z
440196000,LAKE SUCCESS,D7MQ,KOR,8702630,2014-03-26T04:48:21Z,2018-06-27T08:15:16Z
440237000,OCEANUS,D7NG,KOR,9194919,2014-05-02T13:09:21Z,2018-06-22T22:04:37Z
440283000,SEIYU,D8DK,KOR,9172909,2015-01-28T05:42:52Z,2018-06-30T23:53:23Z
440523000,LAKE GLORY,DSOC6,KOR,8204597,2012-01-21T06:20:19Z,2018-06-30T23:55:09Z
440571000,SEIHO,D7XP,KOR,8909680,2017-07-11T04:13:54Z,2018-06-30T23:14:51Z
440664000,SL BOGO,DSOZ2,KOR,8815009,2012-01-01T00:02:19Z,2018-06-30T23:21:12Z
441032000,SEA MANSION,DSOP5,KOR,8808161,2012-01-23T23:44:34Z,2015-09-03T04:55:12Z
441032000,SEI SHIN,DSOP5,KOR,8808161,2015-09-03T05:13:09Z,2018-06-29T08:59:47Z
441034000,SUN FLOWER 7,DSPI5,KOR,8513871,2012-01-01T08:52:17Z,2018-06-30T23:59:35Z
441034047,SUN FLOWER 7,DSPI5,KOR,8513871,2014-05-24T02:36:25Z,2014-06-05T12:20:06Z
441240000,SL ARCHI,DSOR5,KOR,8712398,2012-01-02T15:53:38Z,2018-06-30T23:08:03Z
441377000,CHERRY STAR,DSNK2,KOR,9015840,2012-01-04T11:55:46Z,2018-06-18T01:59:41Z
441418000,SEIBU,D7HD,KOR,9684067,2016-12-14T05:16:12Z,2018-06-30T23:54:11Z
441690000,SOHOH,DSQS6,KOR,9209245,2012-01-03T16:51:49Z,2018-06-30T22:09:19Z
441720000,LAKE WIN,DSQW2,KOR,9020780,2012-01-01T01:21:23Z,2018-06-30T20:26:29Z
441723000,SEIN FRONTIER,D7AX,KOR,9051789,2016-06-01T01:28:14Z,2018-06-30T23:44:17Z
441759000,SEIN SUN,DSQY9,KOR,8415859,2012-01-08T09:11:38Z,2018-06-30T23:14:26Z
441822000,KATAH,DSRG3,KOR,9105360,2012-01-01T08:56:32Z,2018-06-30T23:48:55Z
636015529,IERAX,D5BH5,LBR,NA,2018-04-01T03:13:30Z,2018-04-01T13:57:03Z
636014564,IBERIANREEFER,A8UV5,LBR,8819287,2012-01-03T10:16:19Z,2013-09-21T15:20:10Z
3530564,BAYPHOENIX,A8OE5,LBR,9047271,2018-06-25T02:30:55Z,2018-06-30T12:57:31Z
8442807,BAY PHOENIX,A8OE5,LBR,9047271,2013-06-09T18:35:45Z,2013-07-04T20:31:55Z
636015543,BAY PHOENIX,A8OE5,LBR,9047271,2012-03-01T14:58:49Z,2014-11-06T12:59:31Z
636018500,BAY PHOENIX,A8OE5,LBR,9047271,2018-02-18T06:26:20Z,2018-06-25T02:16:51Z
636092423,BAY PHOENIX,A8OE5,LBR,9047271,2014-11-06T13:05:34Z,2018-02-16T17:56:32Z
636092399,POLARSTREAM,D5BR6,LBR,9189885,2012-03-01T10:09:26Z,2018-06-30T23:56:01Z
352786000,SIERRAMEDOC,3FRE3,LBR,9076246,2012-02-21T10:00:27Z,2012-06-08T16:08:09Z
636011904,CAPE BLOSSOM,A8CC2,LBR,9035072,2012-01-07T15:50:11Z,2013-01-16T12:17:45Z
636017251,SIERRA LAUREL,D5JZ8,LBR,9163403,2015-10-26T14:22:44Z,2018-03-29T08:08:15Z
636014563,ITALIANREEFER,A8UV4,LBR,8920983,2012-01-01T00:04:20Z,2013-10-25T07:32:39Z
636017004,SIERRA QUEEN,D5IV7,LBR,9127928,2015-06-05T12:51:15Z,2018-06-30T23:46:26Z
636016700,GREEN GLACIER,D5HI8,LBR,9004401,2014-10-17T14:52:04Z,2018-06-30T21:09:21Z
636016998,GREEN CONCORDIA,D5IV3,LBR,9011038,2015-05-13T12:58:25Z,2018-06-30T23:57:37Z
636091097,PRINCE OF TIDES,A8JI4,LBR,9061198,2012-01-01T10:58:02Z,2017-01-25T00:39:31Z
636014471,TAGANROGSKIY ZALIV,A8UC4,LBR,9016973,2012-01-03T12:37:41Z,2016-10-29T22:48:22Z
636015529,PRINCE OF SOUNDS,A8OE6,LBR,9053957,2012-03-27T18:09:35Z,2016-11-07T12:29:06Z
636091464,PRINCE OF SOUNDS,A8OE6,LBR,9053957,2012-01-01T09:24:40Z,2014-06-15T13:40:42Z
636015528,PRINCEOFSTREAM,A8OE7,LBR,9073268,2012-02-15T21:53:42Z,2016-11-12T06:56:30Z
636091465,PRINCEOFSTREAM,A8OE7,LBR,9073268,2012-01-01T02:50:59Z,2012-02-10T02:25:24Z
636009737,FRIO IONIAN,ELPE2,LBR,9014793,2012-01-11T20:15:49Z,2016-09-16T12:59:51Z
636017010,NOVA STELLA,D5IW5,LBR,8517358,2015-05-21T03:21:57Z,2017-01-09T08:20:37Z
636016916,GREEN TOLEDO,D5IJ6,LBR,9015785,2015-03-18T07:35:56Z,2018-06-30T21:40:30Z
636018009,REINA,D5NT7,LBR,8202226,2017-05-04T17:03:45Z,2018-06-30T17:31:19Z
636017561,ZHONG ZHOU 1,D5LO2,LBR,9044358,2016-12-08T01:12:58Z,2018-06-29T19:11:21Z
636017752,WEI SHUN,D5MO2,LBR,8312655,2016-11-11T01:16:55Z,2018-06-30T19:51:41Z
636013523,MARINEPHOENIX,A8NM7,LBR,9072824,2012-01-14T04:06:46Z,2015-01-29T16:55:19Z
636012747,CHILESTAR,A8HP4,LBR,9017276,2012-01-07T06:14:38Z,2015-01-31T23:19:32Z
636091652,HIMALAYABAY,A8OL7,LBR,8908193,2012-01-05T04:59:39Z,2014-12-02T15:49:15Z
636012261,FRIO OLYMPIC,A8EJ6,LBR,8801802,2012-01-01T09:20:58Z,2017-01-05T06:50:37Z
636017709,WEI LI,D5MI8,LBR,7726706,2016-09-30T02:19:23Z,2017-12-15T18:26:27Z
636017396,TAIHO MARU,D5KS2,LBR,9459591,2016-02-08T01:04:09Z,2018-06-30T23:59:50Z
636013976,DAMACOFRANCIA,A8QO5,LBR,8813623,2012-01-05T10:50:10Z,2013-08-19T06:13:22Z
636011004,CAPE BELLE,ELWE4,LBR,9051789,2012-01-02T22:32:44Z,2016-06-01T01:10:14Z
529781000,ZHONG XIANG,D5LN5,LBR,8814299,2016-05-11T15:39:20Z,2016-06-30T15:25:33Z
636017556,ZHONG XIANG,D5LN5,LBR,8814299,2016-06-30T15:30:01Z,2018-05-17T11:29:38Z
636017162,GENTA MARU,D5JO9,LBR,9620384,2015-10-27T06:03:36Z,2018-06-30T23:09:24Z
636017468,TENHO MARU,D5LC4,LBR,9128764,2016-04-11T05:01:13Z,2018-06-30T21:26:52Z
636017161,MEITA MARU,D5JO8,LBR,9071583,2015-09-16T02:56:33Z,2018-06-30T23:17:12Z
636017275,VICTORIA II,D5KD3,LBR,9140097,2015-12-26T17:24:10Z,2018-06-30T22:07:43Z
636017301,FUTAGAMI,D5KG4,LBR,9105293,2016-02-04T01:46:04Z,2018-06-30T23:54:13Z
636017359,SHOTA MARU,D5KN7,LBR,9194892,2016-06-14T00:31:32Z,2018-06-30T23:55:15Z
636017108,CHIKUMA,D5JI4,LBR,9666493,2015-09-24T11:21:34Z,2018-06-29T13:22:59Z
636010125,ELBRUS,ELRD7,LBR,8916229,2012-01-01T02:22:56Z,2018-06-30T23:55:41Z
636013146,ACONCAGUA BAY,A8KY9,LBR,9019652,2012-01-02T15:41:17Z,2018-06-30T23:59:38Z
636013148,EVEREST BAY,A8KZ3,LBR,8911073,2012-01-09T22:11:27Z,2018-06-27T23:04:47Z
636013153,WHITNEY BAY,A8KZ8,LBR,8911085,2012-02-04T20:37:09Z,2018-06-30T23:50:31Z
636013649,HUMBOLDT BAY,A8OL4,LBR,8907888,2012-01-02T20:07:28Z,2018-06-30T22:15:12Z
636013651,FUJI BAY,A8OL6,LBR,8920141,2012-01-07T07:14:53Z,2018-06-30T20:17:40Z
636015541,WATER PHOENIX,A8OE3,LBR,9045168,2012-02-29T16:48:06Z,2012-08-15T00:07:16Z
636018501,WATER PHOENIX,A8OE3,LBR,9045168,2018-01-23T08:09:11Z,2018-06-23T02:47:53Z
636091461,WATER PHOENIX,A8OE3,LBR,9045168,2012-01-01T09:23:38Z,2012-02-20T06:08:22Z
636092422,WATER PHOENIX,A8OE3,LBR,9045168,2012-08-15T08:48:20Z,2018-01-23T07:58:57Z
636015542,LAGOON PHOENIX,A8OE4,LBR,9047245,2012-02-25T06:02:03Z,2012-12-24T02:31:00Z
636018499,LAGOON PHOENIX,A8OE4,LBR,9047245,2018-02-21T20:29:20Z,2018-06-30T13:09:38Z
636092421,LAGOON PHOENIX,A8OE4,LBR,9047245,2012-12-24T07:03:58Z,2018-02-21T19:53:59Z
636018031,BAO REEFER,A8JI3,LBR,9066485,2017-05-24T14:59:47Z,2018-05-28T11:09:18Z
636091096,PRINCE OF WAVES,A8JI3,LBR,9066485,2012-01-07T22:54:14Z,2017-05-24T04:36:38Z
636018457,PRINCE OF SEAS,A8JI5,LBR,9014444,2017-12-27T11:07:37Z,2018-06-30T23:16:31Z
636091098,PRINCE OF SEAS,A8JI5,LBR,9014444,2012-01-12T09:40:51Z,2017-12-27T10:41:07Z
277099000,ARGO,LYKM,LTU,8506737,2012-10-25T09:32:56Z,2012-10-25T12:49:18Z
277247000,MARSAS,LYOT,LTU,8818893,2012-01-02T22:38:00Z,2012-05-23T09:31:12Z
277254000,LYRA,LYOY,LTU,9009695,2012-01-01T04:30:14Z,2012-08-28T16:53:08Z
277312000,ANDROMEDA,LYRJ,LTU,8806242,2012-01-06T04:43:29Z,2018-06-30T23:42:27Z
277327000,LIBRA,LYRT,LTU,9009683,2012-01-01T04:37:26Z,2018-06-30T23:42:11Z
277348000,CAPELLA,LYSG,LTU,9047257,2012-01-01T00:07:22Z,2018-06-30T23:24:07Z
277380000,CAPELLA,LYSG,LTU,9047257,2014-10-08T03:17:01Z,2017-12-08T15:22:25Z
277397000,CASSIOPEA,LYTA,LTU,9047269,2012-01-01T00:08:13Z,2018-06-30T23:52:19Z
214182223,AQUAMARINE,ERVW,MDA,7719595,2014-01-27T12:46:17Z,2016-09-02T12:08:22Z
214182402,SHINGLE,ERXB,MDA,8036079,2014-06-06T17:02:33Z,2014-06-27T12:57:43Z
515270000,SHINGLE,ERXB,MDA,8036079,2014-06-04T08:40:06Z,2014-06-06T17:43:23Z
455266000,BAROASAA,8QDY,MDV,8304323,2012-01-29T07:58:46Z,2016-07-11T05:49:58Z
455302000,VILADHAURU,8QFP,MDV,8211045,2012-01-03T16:46:23Z,2016-10-20T14:05:51Z
538002995,KHANA,V7NP7,MHL,8810645,2012-01-03T16:43:15Z,2013-07-19T02:51:16Z
538002996,POHAH1,V7NP8,MHL,8714944,2012-01-01T01:42:24Z,2013-08-15T01:11:25Z
538002997,MONONOK,V7NP9,MHL,8911607,2012-01-02T12:57:52Z,2013-08-28T04:52:51Z
538002899,PHAROSTAR,V7MT7,MHL,9087910,2012-01-01T01:35:06Z,2013-12-07T07:46:03Z
538002989,LAKE SUCCESS,V7NO8,MHL,8702630,2012-01-01T01:35:41Z,2014-03-23T03:54:33Z
538002960,AMAGI,V7NH7,MHL,9170963,2012-01-01T08:55:43Z,2018-06-30T23:59:26Z
229359000,PALOMAREEFER,9HA3266,MLT,9309681,2013-04-10T08:50:20Z,2014-09-03T07:52:08Z
229360000,PRINCESAGUASIMARA,9HA3267,MLT,9442237,2013-01-30T12:03:59Z,2014-12-09T12:35:15Z
229382000,SIERRA MEDOC,9HA3287,MLT,9076246,2013-02-18T10:26:31Z,2017-11-06T18:55:04Z
229428000,SIERRAMERLOT,9HA3322,MLT,9076272,2013-04-26T11:49:35Z,2013-11-26T11:14:44Z
229463000,NOVABRETAGNE,9HA3352,MLT,9000364,2013-09-12T14:03:34Z,2015-01-16T01:22:32Z
356728000,FRIOKYKNOS,3ETB8,MLT,9035072,2014-07-23T10:05:20Z,2015-12-24T20:41:38Z
229575000,SIERRA LARA,9HA3420,MLT,9120205,2013-08-29T13:09:06Z,2014-10-07T17:32:24Z
229644000,SARONICBREEZE,9HA3479,MLT,9041540,2013-11-19T02:41:10Z,2014-06-02T09:23:49Z
229705000,SIERRALAUREL,9HA3533,MLT,9163403,2014-01-30T19:04:22Z,2015-11-02T13:59:25Z
249665000,GREEN GLACIER,9HCJ5,MLT,9004401,2012-05-23T23:09:37Z,2014-10-14T20:36:11Z
249842000,NOVA CALEDONIA,9HIH5,MLT,8518807,2012-01-01T00:02:48Z,2013-11-01T10:39:14Z
457689000,KESHAN,JVZR4,MNG,7905039,2013-01-25T13:49:42Z,2013-10-14T00:47:11Z
457716000,HENGSHENGCHANG1,NA,MNG,8024935,2012-11-23T01:43:06Z,2014-01-11T08:25:40Z
645133000,PELAMIS,3BJO,MUS,8112380,2012-01-01T02:50:13Z,2016-11-03T03:52:27Z
1193046,AUXIS,3BSD,MUS,8819287,2015-03-02T20:25:30Z,2016-07-13T03:57:23Z
636014564,AUXIS,3BSD,MUS,8819287,2013-09-24T22:23:02Z,2013-10-05T15:37:35Z
645376000,AUXIS,3BSD,MUS,8819287,2013-10-08T13:59:04Z,2018-06-30T23:49:05Z
645358000,SIERRALAUREL,3BRW,MUS,9163403,2012-03-02T06:42:36Z,2014-01-30T14:04:21Z
533000333,KHA YANG 333,9MTU3,MYS,7920728,2015-06-14T04:26:15Z,2018-06-30T14:42:35Z
542156110,MINTAILENG,E6CH2,NIU,8627309,2014-12-02T07:08:02Z,2016-07-07T02:59:11Z
244820009,SIERRA LARA,PCOZ,NLD,9120205,2014-10-09T04:27:06Z,2017-07-03T07:47:31Z
244542000,HOLLAND KLIPPER,PESF,NLD,8810786,2012-01-25T11:53:46Z,2013-11-19T14:05:51Z
244542000,SIERRA KING,PESF,NLD,8810786,2013-11-20T17:33:29Z,2018-06-30T23:34:08Z
244790145,COOL EXPRESO,PDKK,NLD,9085479,2014-11-14T09:49:39Z,2018-06-30T23:38:05Z
245317000,COOL EXPRESO,PDKK,NLD,9085479,2012-01-03T05:36:35Z,2014-11-14T09:46:31Z
245409000,PACIFIC,PGQI,NLD,9127928,2012-01-03T15:18:26Z,2015-06-05T12:38:58Z
245973000,SIERRA LEYRE,PCPM,NLD,9135822,2012-06-26T18:02:33Z,2017-10-12T08:28:56Z
257237000,ROYKRISTIAN,LLKA,NOR,9237591,2012-01-20T07:38:44Z,2014-10-07T20:39:44Z
316008770,ROYKRISTIAN,LLKA,NOR,9237591,2014-10-07T21:19:07Z,2014-10-14T22:51:11Z
257715000,RONJA VIKING,LAKA,NOR,9364100,2012-01-04T02:10:29Z,2018-06-30T23:11:35Z
258109000,RONJA SKYE,LAGU,NOR,9245926,2012-02-20T00:36:23Z,2018-06-30T23:45:39Z
258118000,RONJA COMMANDER,LAGR,NOR,9276183,2012-01-18T14:15:54Z,2018-06-30T23:44:53Z
258255000,RONJA NORDIC,LASK,NOR,9443695,2012-01-15T04:53:54Z,2018-06-30T23:57:27Z
258571000,RONJA SUPERIOR,LALB,NOR,9421881,2012-01-28T16:52:57Z,2018-06-30T23:56:36Z
258672000,RONJA POLARIS,LDHS,NOR,9657765,2013-07-03T09:18:44Z,2018-06-30T23:56:02Z
258799000,RONJA HARVESTER,LAWU,NOR,9392547,2012-01-01T00:04:35Z,2018-06-30T23:58:37Z
258871000,RONJA HUON,LGRR3,NOR,9682540,2014-08-19T08:03:39Z,2018-06-30T23:48:04Z
258990000,RONJA ATLANTIC,LGVA,NOR,9451563,2012-01-23T10:00:48Z,2016-05-04T14:03:16Z
259433000,RONJA PIONEER,LAGT,NOR,9345520,2012-01-29T00:36:06Z,2018-06-30T19:47:58Z
257162000,BLUETRANS,LLBB,NOR,9220835,2012-02-02T15:01:53Z,2015-08-21T14:02:08Z
257349500,HORISONT III,JXDJ,NOR,8612770,2012-01-29T08:40:00Z,2018-05-14T07:40:23Z
257659000,OYFJORD,LCYR,NOR,9646405,2014-01-30T12:30:58Z,2018-06-30T20:17:18Z
257797000,DOENNLAND,LCUL,NOR,9632569,2012-09-16T07:51:21Z,2018-06-30T23:59:51Z
258161000,SEIVAAG,LHDO,NOR,7712913,2012-01-08T12:07:51Z,2018-06-30T23:57:08Z
259078000,BJORGPAULINE,LFEG,NOR,9544671,2012-01-24T22:58:29Z,2018-06-30T23:59:01Z
259091000,OEYLAKS,3YWB,NOR,9606211,2012-02-25T11:34:16Z,2017-07-28T13:13:27Z
259555000,FAEROY,LJPL,NOR,9201891,2012-01-01T17:06:12Z,2012-07-19T15:35:47Z
258818000,SILVER HORN,LAKU6,NOR,8907204,2012-01-01T00:17:38Z,2018-06-30T23:40:55Z
258963000,GREENCONCORDIA,LASW7,NOR,9011038,2013-09-09T12:06:15Z,2015-05-13T12:40:16Z
353828000,HAI YING,3EHM8,PAN,8319598,2013-05-30T04:50:02Z,2016-09-09T11:17:53Z
353901000,HONG YING,H9OQ,PAN,9097056,2012-01-08T02:30:51Z,2018-06-29T20:34:26Z
354696000,MIG,NA,PAN,7302548,2012-04-13T01:59:00Z,2014-05-20T05:44:23Z
356567000,SOC GLORY,3ELL9,PAN,9815305,2017-12-05T02:02:28Z,2018-05-14T14:16:00Z
1193046,MONTECRUZ,3FUH5,PAN,7710276,2013-01-11T05:37:04Z,2017-04-24T18:55:51Z
352545000,MONTECRUZ,3FUH5,PAN,7710276,2012-01-01T11:18:33Z,2018-06-30T14:28:16Z
37404800,SHIN HO CHUN NO. 101,3FRF9,PAN,9220653,2015-07-17T05:41:12Z,2017-11-23T00:33:42Z
374048000,SHIN HO CHUN NO. 101,3FRF9,PAN,9220653,2015-07-17T10:18:44Z,2018-06-30T21:41:52Z
354666000,FRIO AEGEAN,3FGY4,PAN,9076260,2012-01-01T00:35:10Z,2013-05-15T20:05:17Z
356673000,SARONIC BAY,H3PP,PAN,9175274,2012-01-04T15:29:31Z,2013-08-17T09:54:21Z
352864000,FRIO ANTARCTIC,3FZS3,PAN,9076258,2012-01-04T00:32:13Z,2013-03-11T13:19:55Z
354034000,PALOMA REEFER,HO2430,PAN,9309681,2012-01-02T17:14:48Z,2013-04-10T07:37:51Z
355636000,PALOMA REEFER,HP7151,PAN,9309681,2014-09-03T08:13:14Z,2018-06-30T23:49:12Z
352308000,PRINCESA GUASIMARA,3ECO,PAN,9442237,2014-12-09T13:09:35Z,2018-06-30T23:37:50Z
356728000,DON REEFER,3ETB8,PAN,9035072,2015-12-30T18:05:23Z,2018-06-30T22:02:35Z
371812000,FRIO POSEIDON,3EHL5,PAN,8807662,2014-09-15T23:24:17Z,2018-06-23T17:30:18Z
357670000,SARONIC BREEZE,HOBH,PAN,9041540,2012-02-08T12:29:14Z,2013-11-18T19:02:43Z
371156000,SARONIC BREEZE,H9PE,PAN,9041540,2014-06-03T01:04:46Z,2018-06-30T23:54:56Z
371717000,HAI FENG 698,3FSJ2,PAN,8422711,2015-01-17T05:20:16Z,2018-06-30T20:05:46Z
353709000,ARCTIC,3FXC8,PAN,8223464,2012-01-02T09:35:27Z,2013-12-23T05:11:44Z
356986000,DESIGNER KNYSH,HPZK,PAN,9175286,2012-01-01T04:29:44Z,2013-10-11T01:30:14Z
352055000,ARKADIJA,3EHJ9,PAN,9057393,2012-01-01T01:18:36Z,2014-06-18T01:50:34Z
352966000,FRIO LAS PALMAS,3FJQ3,PAN,9082178,2012-01-13T00:36:45Z,2012-10-04T10:27:33Z
353585000,CANARIANREEFER,3FCC7,PAN,9081655,2012-01-01T11:42:34Z,2012-09-13T13:35:06Z
357889000,WASHINGTON,HOZO,PAN,8710352,2012-01-09T18:42:49Z,2013-02-14T08:37:39Z
352367000,FRIO SEVASTOPOLIS,3EUP9,PAN,8860432,2012-01-01T00:04:56Z,2014-02-25T01:09:07Z
354408000,CAPTAINMOKEEV,3FAO8,PAN,9081667,2012-01-04T01:49:28Z,2017-01-29T18:56:33Z
371223000,FAST,3EBT2,PAN,8404575,2013-07-18T01:25:50Z,2014-08-07T11:01:03Z
355658000,GRACE II,3EFI6,PAN,9061899,2012-01-05T15:52:23Z,2016-05-11T01:05:11Z
356567000,SHANGHAI REEFER,HPXZ,PAN,9010785,2012-01-01T06:20:58Z,2017-03-29T13:09:35Z
351747000,ASIANORCHID,3FSS8,PAN,9196357,2012-01-04T17:00:14Z,2012-04-15T00:38:22Z
351747000,FRIO AEGEAN I,3FSS8,PAN,9196357,2012-05-21T18:52:03Z,2016-01-05T14:44:59Z
353019000,FRIO CANARIAS,3FZW3,PAN,8502432,2012-01-01T00:34:30Z,2016-05-23T01:15:08Z
354811000,TAGANROGSKIYZALIV,3FAZ9,PAN,9016973,2016-10-29T23:25:40Z,2017-02-17T04:56:02Z
354604000,FINO,3FTS4,PAN,9109500,2012-01-19T18:42:18Z,2014-09-07T20:42:55Z
356517000,ASIAN COSMOS,3FLM8,PAN,9172698,2012-01-05T21:51:10Z,2017-06-23T06:28:55Z
373755000,FRIO IONIAN,3FUZ,PAN,9014793,2016-09-16T13:30:47Z,2017-01-19T23:42:39Z
373039000,HAI FENG 688,3FDH6,PAN,9016985,2014-07-10T07:11:28Z,2018-06-29T04:24:59Z
371210000,RAINFROST,3EGY7,PAN,8521804,2012-01-01T00:02:18Z,2013-07-05T14:03:56Z
374115000,SEA GLORY II,3FKX4,PAN,9009695,2015-09-28T22:20:46Z,2018-06-30T23:59:47Z
372538000,HUAN YU 1,3EKK9,PAN,8618865,2014-04-25T18:25:41Z,2018-06-30T23:55:22Z
374198000,HAI FENG 718,3FIC4,PAN,9135169,2015-11-09T15:18:30Z,2018-06-30T23:55:46Z
352610000,MARBELLA CARRIER,3FJE9,PAN,9063653,2013-03-13T03:54:57Z,2018-06-30T23:42:55Z
370305000,MURCIA CARRIER,3FJZ2,PAN,9063665,2013-03-14T02:44:48Z,2018-06-28T21:44:19Z
354871000,FRIO OCEANIC,3FYF8,PAN,8801814,2014-07-18T01:13:22Z,2018-06-30T19:01:42Z
370190000,SEA PEARL I,H8MF,PAN,9008639,2016-09-11T16:58:47Z,2018-06-30T22:30:58Z
577324000,SEA PEARL I,H8MF,PAN,9008639,2016-09-08T09:07:30Z,2016-09-11T16:44:13Z
354464000,REF LIRA,3FKY4,PAN,9016961,2012-02-01T12:14:02Z,2013-10-30T07:14:37Z
374610000,HAI FENG 678,3FCO5,PAN,9016961,2015-08-01T03:27:05Z,2018-06-30T23:48:01Z
351527000,OCEAN MARINER,H8IL,PAN,8217104,2014-07-27T01:01:15Z,2018-06-29T04:33:59Z
356695424,DAFENG MARINER,3FIO6,PAN,8319031,2012-01-28T05:23:59Z,2012-05-16T02:51:06Z
371718984,DAFENG MARINER,3FIO6,PAN,8319031,2017-06-18T06:45:22Z,2018-04-07T07:47:25Z
371719000,DAFENG MARINER,3FIO6,PAN,8319031,2014-06-26T02:40:47Z,2018-06-30T23:13:12Z
374014000,PONTOS,HONN,PAN,8908739,2015-09-09T06:39:25Z,2018-06-30T23:23:31Z
355720000,GLOBAL MARINER,3EMW4,PAN,8813582,2014-07-31T04:42:32Z,2018-06-30T22:41:27Z
354062000,HAI FENG 668,3EIN8,PAN,8800236,2014-12-30T11:23:41Z,2018-06-30T10:50:47Z
351795000,BELITA,3EZJ8,PAN,8608597,2012-01-01T06:41:14Z,2013-11-25T13:41:33Z
355069000,CHAINAVEE REEFER,H9XR,PAN,7637591,2012-02-01T11:54:40Z,2013-09-21T13:18:35Z
353799000,BLISSFULREEFER,HP5007,PAN,5296795,2012-01-10T14:06:15Z,2014-03-02T21:50:54Z
352739000,HAIFENG898,3ENU6,PAN,8420751,2012-01-01T00:39:33Z,2013-06-28T04:56:17Z
351336000,FRIO NAGATO,H3QQ,PAN,9227596,2016-07-13T07:03:19Z,2018-06-30T16:50:40Z
351350000,NO.2 JOCHOH,3FVR4,PAN,9698343,2013-12-13T06:15:10Z,2018-06-30T23:51:02Z
351370000,DONA LIBRA,3FPF3,PAN,8612304,2012-02-26T11:52:13Z,2017-01-29T18:57:31Z
351478000,ATMODA,3FNT8,PAN,8908076,2012-01-01T00:35:15Z,2018-06-30T22:31:31Z
351493000,DROVER,HP7289,PAN,8210338,2013-07-29T05:40:06Z,2015-05-02T04:33:15Z
351493000,VAGRAND,HP7289,PAN,8210338,2012-01-30T04:37:25Z,2015-08-13T06:12:01Z
351537000,RUI SHENG,3FOH6,PAN,8688755,2016-06-24T08:40:49Z,2018-06-30T23:57:48Z
374030000,SYOTA MARU,H9NZ,PAN,9087908,2015-11-03T06:21:51Z,2018-06-30T23:53:34Z
351763000,SHIN HANG,3FRT,PAN,8214839,2012-01-01T01:43:34Z,2018-06-29T17:20:10Z
351776000,MING HANG,3FIY4,PAN,8130837,2012-01-01T00:37:54Z,2018-03-28T07:01:58Z
351817000,WHITE DOLPHIN,3EVO6,PAN,8807430,2012-01-09T17:02:48Z,2014-04-02T02:23:30Z
351822000,TAI FU NO. 3,H3AI,PAN,7927453,2016-12-06T02:08:50Z,2018-06-28T00:44:33Z
372825000,CHAN HAN 6,3FJL9,PAN,7812074,2015-07-17T07:42:52Z,2018-06-30T23:41:01Z
352085000,HUA FU 107,3FDZ4,PAN,8518819,2012-01-10T23:19:09Z,2018-06-30T23:52:27Z
352135000,WIN UNI,3EFL4,PAN,7302299,2012-01-02T16:00:02Z,2017-03-06T21:11:57Z
352199000,SEA TRADER I,HODS,PAN,8919893,2016-04-29T17:56:28Z,2018-06-30T23:47:05Z
352241000,TUNA PRINCESS,H3CN,PAN,9314612,2015-04-04T00:13:07Z,2018-06-30T23:22:56Z
352247000,FONG KUO NO. 818,3EPS8,PAN,8904070,2012-08-03T23:18:49Z,2018-06-30T23:45:30Z
352256000,SASANQUA,3FFV3,PAN,9061904,2012-01-15T16:48:20Z,2018-03-09T00:42:58Z
352349000,FRIO SHINANO,3FNR3,PAN,9073385,2012-10-03T01:49:28Z,2018-06-30T23:07:51Z
352351000,AVUNDA REEFER,3EJD5,PAN,9072824,2015-01-29T17:09:25Z,2018-06-22T02:14:15Z
352408000,WILD LOTUS,3FUT8,PAN,9181168,2012-01-02T05:11:29Z,2018-06-30T14:16:46Z
352475000,DINOK,HOAJ,PAN,8908234,2012-01-02T12:55:25Z,2018-06-30T10:53:36Z
800022379,DINOK,HOAJ,PAN,8908234,2014-05-23T01:35:13Z,2014-05-31T23:04:12Z
352515000,FRIO PACIFIC,HOAL,PAN,8324244,2012-01-06T21:38:24Z,2016-05-04T11:05:21Z
352533000,VIVA 106,3EGN7,PAN,8122385,2012-01-03T15:43:19Z,2018-06-30T19:02:26Z
352656000,NEW PROSPERITY,3FOZ8,PAN,9172442,2012-01-14T11:19:22Z,2013-07-11T16:44:06Z
352769000,XUE LIN,3FVB3,PAN,8203816,2012-01-01T09:04:21Z,2014-12-16T03:59:54Z
354461000,XING YUN,3FVB3,PAN,8203816,2014-12-19T19:32:53Z,2018-06-30T23:43:42Z
354463048,XING YUN,3FVB3,PAN,8203816,2018-04-11T23:59:33Z,2018-06-05T01:28:04Z
352784000,FRIO ANTWERP,3FVX3,PAN,9078282,2012-01-01T17:04:55Z,2018-06-30T14:55:46Z
352796000,KHANA,3EYB6,PAN,8810645,2013-07-19T03:39:01Z,2018-06-30T07:44:44Z
352844000,JACHA,3EFC4,PAN,8512920,2012-01-03T16:47:04Z,2018-06-30T23:37:51Z
352894000,TUNA QUEEN,HPFK,PAN,9278612,2012-01-02T17:21:53Z,2018-06-30T23:50:37Z
353185000,KURIKOMA,3FTS6,PAN,9145920,2012-01-26T02:00:09Z,2018-06-30T23:58:44Z
353211424,FONG QUN,3EDM9,PAN,7920728,2015-04-09T08:33:57Z,2015-08-31T07:33:32Z
354260000,FONG QUN,3EDM9,PAN,7920728,2012-06-13T03:19:35Z,2015-04-09T08:06:57Z
353242000,OSTROV BERINGA,3FHP2,PAN,8517815,2012-01-02T12:59:59Z,2018-06-18T22:26:59Z
353306000,FRIO CHIKUMA,3FWG8,PAN,9184536,2012-06-27T08:25:57Z,2018-06-30T13:44:43Z
353482000,TAI NING,3ERF3,PAN,8217116,2017-01-14T01:40:04Z,2018-06-22T20:34:48Z
374505000,ISLEMAN,3FWT,PAN,8814902,2016-03-09T08:06:47Z,2018-04-01T17:57:19Z
353631000,ASARI,HO6144,PAN,8725814,2012-01-03T16:43:20Z,2015-03-06T22:15:10Z
353670000,HARVESTS,HO7915,PAN,8223804,2012-01-09T10:18:43Z,2018-02-05T01:54:28Z
353692000,ASAHI,3FJF4,PAN,9004657,2012-01-03T20:27:22Z,2014-03-31T10:04:59Z
353773000,ASIAN BRIER,3FTB8,PAN,9172703,2012-01-01T08:47:31Z,2018-04-17T00:32:28Z
353937000,SANWA FONTAINE,3FMK4,PAN,8204121,2012-01-01T23:41:01Z,2018-06-30T23:41:01Z
353981000,FRIO HELLENIC,3FVQ8,PAN,9081679,2012-01-01T10:56:16Z,2018-06-30T23:58:04Z
353982000,FRIO ATHENS,3FAX7,PAN,8710340,2016-10-14T08:58:59Z,2018-06-26T20:11:51Z
354036000,PLATTE REEFER,3FUT6,PAN,7812098,2012-01-03T22:07:24Z,2018-06-30T12:41:15Z
354102000,RYOMA,H3IZ,PAN,9133305,2012-01-02T10:23:24Z,2013-06-28T20:42:57Z
371727000,RYOMA,3ELZ5,PAN,9133305,2016-12-09T02:07:56Z,2018-06-30T23:47:46Z
354240000,CRYSTAL REEFER,3FFY5,PAN,9017276,2015-01-31T23:43:15Z,2017-03-10T01:21:55Z
354469000,HAI FENG 658,3EHB6,PAN,8710209,2012-01-05T14:15:59Z,2018-06-29T00:58:05Z
354493000,MABAH,3FSC4,PAN,9105358,2012-02-23T23:32:59Z,2018-06-30T23:40:14Z
354569000,REF VEGA,3FKW4,PAN,8422709,2012-01-03T23:40:54Z,2012-06-05T16:21:39Z
354570000,REFSTAR,3FKX4,PAN,8415550,2012-01-10T11:48:33Z,2012-03-03T21:44:54Z
354617000,DA PING 1,H8TO,PAN,8011029,2012-01-08T01:54:22Z,2014-10-12T11:43:52Z
355665576,DA PING 1,H8TO,PAN,8011029,2012-06-01T13:15:29Z,2014-12-16T01:48:55Z
354655000,REINA CRISTINA,3ERM8,PAN,9011301,2012-01-12T12:49:08Z,2018-06-30T21:35:39Z
354667000,ORIONS,3FTH4,PAN,8513869,2012-01-02T21:48:58Z,2014-09-05T23:03:58Z
354670000,SHENXING,HOFG,PAN,8221947,2012-10-27T00:51:33Z,2013-04-11T06:41:41Z
354670000,SUNFUFA,NA,PAN,8221947,2012-10-21T02:43:16Z,2012-11-09T21:22:11Z
374083000,PS REEFER,3FRQ5,PAN,8221947,2015-08-31T14:26:15Z,2018-06-30T22:29:16Z
354683000,EITA MARU,HPLA,PAN,9109287,2012-01-01T03:18:35Z,2018-06-30T23:54:25Z
354716000,HAI FENG 648,3EHA6,PAN,8710132,2012-01-01T03:19:50Z,2018-06-30T23:30:42Z
354874000,KENTA MARU,3FXQ4,PAN,8615784,2012-01-01T03:28:36Z,2018-06-29T11:13:11Z
355085424,LIANRUN,3EJR7,PAN,7624271,2013-12-02T07:58:08Z,2017-04-10T10:19:50Z
356134000,LIAN RUN,3EJR7,PAN,7624271,2012-01-02T15:40:42Z,2013-12-01T00:00:25Z
355141000,YUNG DA FA 102,3FEJ5,PAN,8323599,2012-01-03T15:36:13Z,2018-04-18T04:25:05Z
355199000,SALGIR,3FYM4,PAN,9142289,2012-01-03T06:57:13Z,2018-06-30T19:44:39Z
355295000,FARO,H3LU,PAN,9174701,2012-01-10T14:35:56Z,2018-06-21T07:03:49Z
355317000,ORIENTAL CHILAN,3FHF5,PAN,8301723,2012-01-07T21:46:21Z,2018-06-30T21:05:00Z
355357000,BRILLIANT REEFER,HO5625,PAN,6400563,2012-01-12T17:23:56Z,2012-08-10T07:09:31Z
355513000,YUNG DA FA 108,3EAX9,PAN,9016076,2012-01-02T15:53:45Z,2018-06-29T14:56:24Z
355643000,SEA MARK,3FUJ9,PAN,8317423,2012-01-01T01:24:34Z,2018-06-30T23:57:21Z
355802000,NEW TAKATSUKI,3EFN9,PAN,9015838,2012-01-01T02:33:21Z,2018-06-30T13:27:23Z
355813000,KAI CHENG,3FAA6,PAN,8021892,2012-01-01T03:17:42Z,2018-06-14T17:16:04Z
374446000,HARU,3EHZ8,PAN,9241932,2016-01-12T03:47:59Z,2018-06-30T23:55:27Z
355855000,MONTELAURA,3FRF5,PAN,7625500,2012-03-26T03:44:10Z,2018-06-30T23:41:43Z
355874000,JONATHAN ACE,3FPM2,PAN,8221595,2012-01-01T08:53:54Z,2018-06-30T16:08:05Z
355894000,MONTESOL,3FRZ5,PAN,7721067,2012-01-01T00:06:25Z,2013-10-05T12:48:40Z
355966000,JOCHOH,3FTG5,PAN,9126261,2012-01-03T16:42:23Z,2018-05-30T00:28:55Z
356065000,SURUGA 1,H3OD,PAN,9109263,2012-01-01T05:18:23Z,2018-03-12T15:40:34Z
356386000,SUAH,HOZZ,PAN,9000376,2012-01-03T16:45:12Z,2018-06-30T23:44:35Z
356386002,SUAH,HOZZ,PAN,9000376,2015-03-06T06:49:24Z,2015-03-17T19:55:20Z
356514000,HAI FENG 618,3FHE6,PAN,9035084,2012-01-10T15:30:23Z,2018-06-30T03:37:05Z
356591000,WIN SHENG,3FWH6,PAN,7810571,2012-01-03T12:12:14Z,2018-06-30T05:36:52Z
356609000,FRIO LAS PALMAS,3EBI9,PAN,8908193,2014-12-02T15:58:37Z,2018-06-30T23:43:04Z
356616000,DHARA,3EQZ7,PAN,8904941,2015-07-16T06:47:32Z,2017-01-04T00:09:41Z
356616000,SAMPAQUITA,3EQZ7,PAN,8904941,2012-01-01T07:06:46Z,2015-07-16T06:31:20Z
356636000,NO.1 BARON,3FMM7,PAN,8911619,2013-08-10T02:26:05Z,2018-06-30T23:41:32Z
356878000,ATLANTIC HOPE,3FOZ2,PAN,8318659,2012-01-01T04:08:48Z,2013-12-25T19:18:24Z
356878000,SHINHANG6,3FOZ2,PAN,8318659,2013-10-06T04:45:09Z,2018-05-13T06:27:08Z
356889000,ANGARA,3FVD,PAN,9136890,2013-01-24T06:51:06Z,2018-06-30T23:45:21Z
356962000,URUGUAY REEFER,3FNJ,PAN,9017264,2015-02-05T17:11:14Z,2017-05-08T09:28:59Z
357020000,TIARA 108,3FQH9,PAN,8420763,2012-01-02T15:58:17Z,2018-06-30T09:50:56Z
357058000,NO.2 POHAH,3FWC9,PAN,9227601,2013-07-14T14:36:19Z,2018-06-30T23:55:01Z
357497000,TAI JI,3FYZ6,PAN,8804244,2012-01-05T15:53:39Z,2018-06-30T01:20:22Z
357642000,FRIO SPAIN,HOYR,PAN,8303903,2012-01-01T00:01:28Z,2013-01-10T08:35:24Z
357676000,ASIAN ADONIS,3FQG9,PAN,9196424,2012-01-18T00:18:23Z,2018-06-30T23:49:51Z
357735000,FRIO MOGAMI,3FSC9,PAN,9184548,2012-07-29T03:26:30Z,2018-06-30T23:47:08Z
357772000,ALCANTARACARRIER,3EUJ3,PAN,8609979,2012-01-13T19:09:40Z,2015-02-11T05:28:13Z
374830000,SEIN GRACE,3EFA6,PAN,8609979,2016-04-23T15:26:20Z,2018-06-16T14:26:25Z
357788000,MIYABI,3FTI9,PAN,8808252,2012-01-03T10:11:32Z,2014-12-15T01:31:47Z
357788000,VICTORIA NO. 168,3FTI9,PAN,8808252,2014-12-15T01:53:33Z,2018-06-30T23:53:39Z
357805000,SKYFROST,3FTR9,PAN,8521830,2012-01-10T11:48:53Z,2018-06-30T23:45:02Z
370070000,FONG KUO NO. 819,3FCY3,PAN,8913992,2012-01-01T23:39:45Z,2018-06-30T23:36:39Z
371118580,FONG KUO NO. 819,3FCY3,PAN,8913992,2012-06-26T03:56:16Z,2012-07-03T15:15:29Z
370115000,NESTOS REEFER,3EAJ9,PAN,9045156,2015-01-09T09:20:09Z,2018-06-30T23:17:31Z
370599000,IBUKI,3ELC8,PAN,9666481,2014-12-08T02:07:32Z,2018-06-30T20:37:38Z
370866000,SEIWA,3FDT5,PAN,9021277,2015-04-03T06:40:39Z,2015-08-19T07:56:01Z
370890000,FORTUNA REEFER,3EVW4,PAN,7908770,2016-08-09T18:06:44Z,2018-06-29T06:02:46Z
370981000,ANGEL I,HOYH,PAN,8223488,2012-01-03T13:57:39Z,2018-06-30T23:51:11Z
371100000,YUNG DA FA 101,HPQB,PAN,8508840,2015-05-19T01:31:21Z,2018-06-30T00:17:54Z
371322000,HAI FENG 895,3ECC7,PAN,8814237,2012-01-01T00:32:48Z,2018-06-30T21:01:20Z
371335000,HAI FENG 628,3FEO6,PAN,8317356,2012-01-01T01:45:48Z,2018-06-19T14:31:37Z
371542000,NO.1 POHAH,3FSS6,PAN,8714944,2013-08-15T01:59:26Z,2018-06-30T21:22:18Z
371565000,TAI XING,3EZQ5,PAN,8210273,2016-06-01T03:25:02Z,2018-06-25T18:59:07Z
371785000,TALOFA,3FKN7,PAN,8223311,2017-03-27T20:55:51Z,2017-08-21T11:12:35Z
371790000,KAI DE,H3XA,PAN,8421286,2012-01-27T01:53:47Z,2018-06-30T23:57:12Z
372107000,FRIO OLYMPIC,3FTF9,PAN,8801802,2017-01-05T20:14:34Z,2018-06-30T23:37:30Z
372199000,GIRALDACARRIER,3FTJ4,PAN,8609981,2012-01-18T07:14:57Z,2015-05-25T08:55:36Z
372199000,SEIN PRINCESS,3FTJ4,PAN,8609981,2015-05-25T09:25:31Z,2018-06-30T23:44:20Z
372210000,SEA STAR V,3EYI5,PAN,8914221,2016-06-17T03:15:45Z,2018-06-30T23:24:21Z
372594000,EURO STAR,3EJQ3,PAN,8319055,2012-01-08T12:48:41Z,2018-06-30T18:23:38Z
372886000,CHANG SHUN 1,3EKZ8,PAN,8976841,2012-01-01T08:16:04Z,2018-06-17T08:38:15Z
372910000,HAI FENG 638,3EVC7,PAN,8613920,2012-01-01T05:16:03Z,2018-06-30T23:54:10Z
373246000,LUCENA CARRIER,3FXS9,PAN,9179402,2012-09-17T09:08:39Z,2018-06-30T23:44:46Z
373443000,FRIO ATLANTIC,3EXR3,PAN,8911487,2012-01-05T09:13:57Z,2016-08-17T04:27:33Z
373451000,ZEFYROS REEFER,3FPL2,PAN,8916748,2016-11-29T06:55:14Z,2018-06-25T15:41:00Z
373731000,FRIOANTARCTIC1,3FDB6,PAN,8807466,2012-01-03T11:55:37Z,2014-09-03T00:55:23Z
374478000,FRIO ANTARTIC,3FAR4,PAN,8807466,2016-01-12T04:51:33Z,2018-06-30T23:24:13Z
373897000,FRIO DOLPHIN,3EDI8,PAN,8807442,2016-10-05T17:04:37Z,2018-06-29T05:40:28Z
373962000,ARACENA CARRIER,3FYV8,PAN,9179397,2012-09-18T21:16:33Z,2018-06-30T23:47:45Z
374045000,HAI SHUN 158,HP6825,PAN,9011911,2015-11-16T22:56:45Z,2018-06-25T23:57:37Z
374140000,SHIN HO CHUN NO. 102,3FEQ5,PAN,9262182,2015-08-19T02:39:52Z,2018-06-30T00:27:57Z
374173000,HAN XING,3FYT4,PAN,9586332,2015-10-18T03:17:02Z,2018-06-30T10:00:39Z
374244000,HIKARI 1,3EYH9,PAN,9293313,2015-11-21T01:46:26Z,2018-06-28T13:13:30Z
374290000,MING HANG 8,HPNW,PAN,8224432,2015-11-28T05:58:53Z,2018-06-30T23:52:22Z
374317000,TAI FU NO. 1,3ECZ6,PAN,7908976,2015-08-31T06:05:23Z,2018-06-30T23:57:45Z
374321000,IRIS REEFER,3FGM3,PAN,8513039,2015-12-25T17:19:48Z,2018-06-30T23:54:05Z
374410000,YONG XIANG 8,3EML7,PAN,8609280,2015-12-21T22:33:33Z,2018-06-28T15:31:43Z
374445000,QI HANG,3EAT9,PAN,8609292,2016-01-02T06:11:20Z,2018-06-30T21:19:01Z
374611000,LAKE HILL 7,3EYA7,PAN,8028955,2015-10-01T08:16:56Z,2017-07-06T07:59:01Z
374723000,YUN RUN 3,HOAZ,PAN,9161613,2016-03-04T06:33:48Z,2018-06-30T23:55:26Z
374762000,LADY TUNA,3EQX2,PAN,9453418,2015-08-27T01:39:00Z,2018-06-30T23:54:07Z
374831000,ISLAND REEFER,HOFG,PAN,8312461,2016-04-03T09:54:59Z,2018-06-30T01:08:32Z
374849000,HAO XIANG,3EGU9,PAN,7812062,2016-04-25T02:05:19Z,2017-10-15T01:05:59Z
374906000,SHIN FUJI,HPEF,PAN,9140281,2016-04-20T11:29:42Z,2018-06-30T23:42:32Z
371156000,ANDROS,NA,PAN,NA,2013-10-14T21:30:01Z,2014-01-31T09:49:05Z
352360000,DOLLY 798,4DEE3,PHL,7916791,2012-01-13T09:55:21Z,2015-10-29T00:49:28Z
548335100,DOLLY 798,4DEE3,PHL,7916791,2016-01-21T00:22:20Z,2018-06-16T13:05:04Z
548474200,DOLLY 767,DUL6372,PHL,7824936,2016-10-25T03:33:36Z,2018-06-24T22:23:08Z
548906000,DOLLY 898,DUGQ,PHL,9076246,2015-03-06T16:04:23Z,2018-04-28T07:30:06Z
548003500,BERNADETTE MARIE,4DET2,PHL,8500446,2015-12-22T02:30:35Z,2018-04-10T20:51:18Z
548541000,SEASONTRADER,DYDC,PHL,9179402,2012-01-03T23:06:15Z,2012-09-17T08:53:33Z
548483000,HUMBOLDTREX,DYAQ,PHL,9179397,2012-01-04T03:49:18Z,2012-09-17T00:02:43Z
548050500,ANIKA MICHELLE,DUG9197,PHL,8920024,2014-01-12T01:46:40Z,2016-08-22T05:53:04Z
548308200,PRIMROSE 888,DUOZ2,PHL,7046845,2017-02-06T14:26:21Z,2018-06-01T00:12:56Z
548352100,DANIELLA-T,4DEG6,PHL,8217142,2014-05-12T01:42:43Z,2018-06-28T07:45:04Z
511388000,AQUAMARINE,T8A2463,PLW,7719595,2016-09-02T12:16:27Z,2016-09-12T07:04:12Z
273299100,ANGRAPA,UARV,RUS,8721832,2012-06-13T07:24:50Z,2018-05-14T23:55:58Z
273354560,NAGORSK,UBLI8,RUS,8708000,2012-09-10T12:10:37Z,2018-05-14T22:38:56Z
273813900,LUCHEZARNYY,UHGT,RUS,7941813,2012-01-20T02:32:30Z,2015-02-03T04:30:06Z
273829220,TAIROVO,UFPR,RUS,8228490,2012-10-23T06:26:02Z,2015-02-07T19:39:11Z
273358500,LIINAHAMARI,UBJG4,RUS,9123207,2012-05-16T16:14:43Z,2017-08-18T02:16:08Z
227000000,POMOR,UBWO2,RUS,8860468,2016-09-12T07:23:22Z,2016-10-10T07:59:41Z
273398570,POMOR,UBWO2,RUS,8860468,2016-07-18T07:48:07Z,2018-06-30T20:59:42Z
273382220,BLUETRANS,UBAO2,RUS,9220835,2015-08-21T15:06:34Z,2018-06-30T15:50:21Z
273382236,BLUETRANS,UBAO2,RUS,9220835,2016-07-04T09:33:02Z,2016-09-14T05:26:23Z
273382239,BLUETRANS,UBAO2,RUS,9220835,2016-07-31T18:28:55Z,2016-09-13T12:04:13Z
273382270,BLUETRANS,UBAO2,RUS,9220835,2016-08-14T05:52:26Z,2016-08-18T06:38:22Z
273382271,BLUETRANS,UBAO2,RUS,9220835,2016-07-12T08:57:37Z,2016-09-17T07:43:19Z
273433460,BUZANSKIY,UDWZ,RUS,8723309,2012-01-05T00:10:09Z,2018-06-30T22:40:34Z
273814810,SELENITOVY,UFGP,RUS,7828712,2012-01-22T10:59:10Z,2013-04-20T04:54:36Z
273846410,TESEY,UDBO,RUS,9081526,2012-01-02T04:35:50Z,2012-09-13T01:06:05Z
273847300,VALENTIN,UIEX,RUS,8724418,2014-09-20T13:17:41Z,2018-06-23T06:43:19Z
273850200,SVETLOVODNYY,UBMG,RUS,7945572,2012-01-13T23:59:03Z,2013-05-29T22:30:12Z
273891210,PROLIV YEKATERINY,UGMG,RUS,8724444,2012-02-04T11:05:52Z,2012-08-05T19:10:17Z
273898210,ABINSK,UGML,RUS,7832701,2012-02-24T10:12:20Z,2016-02-09T23:40:42Z
27331395,SIRIUS,UHVP,RUS,7700099,2013-12-05T22:32:54Z,2013-12-17T01:49:12Z
273313950,SIRIUS,UHVP,RUS,7700099,2012-01-03T21:42:23Z,2018-06-30T23:40:56Z
27331810,AFINA,UBIF5,RUS,8403363,2016-07-21T14:10:17Z,2016-07-27T00:16:18Z
273331810,AFINA,UBIF5,RUS,8403363,2012-01-17T11:15:17Z,2018-05-08T22:56:00Z
273379740,FRIO FORWIN,UCRZ,RUS,9076260,2015-02-27T10:59:43Z,2018-03-21T07:13:09Z
273374170,FRIO VLADIVOSTOK,UBJN2,RUS,9175274,2015-04-16T07:02:43Z,2018-06-30T22:42:35Z
273332290,BUKHTA RUSSKAYA,UFLQ,RUS,9076272,2013-11-28T11:23:24Z,2018-05-29T11:00:03Z
273332291,BUKHTA RUSSKAYA,UFLQ,RUS,9076272,2015-01-04T11:39:21Z,2015-01-11T05:45:21Z
273332299,BUKHTA RUSSKAYA,UFLQ,RUS,9076272,2014-12-18T04:19:02Z,2014-12-25T06:49:05Z
273332302,BUKHTA RUSSKAYA,UFLQ,RUS,9076272,2014-09-30T17:15:58Z,2016-12-17T23:44:00Z
273332306,BUKHTA RUSSKAYA,UFLQ,RUS,9076272,2016-02-08T18:32:52Z,2017-05-10T06:32:54Z
273332339,BUKHTA RUSSKAYA,UFLQ,RUS,9076272,2016-04-14T14:06:40Z,2017-05-09T04:04:45Z
273332343,BUKHTA RUSSKAYA,UFLQ,RUS,9076272,2016-04-24T01:05:04Z,2016-04-24T08:40:29Z
273332351,BUKHTA RUSSKAYA,UFLQ,RUS,9076272,2016-04-15T01:34:06Z,2017-05-21T13:16:04Z
273378130,ANDROMEDA,UBQM4,RUS,9000364,2015-01-16T01:49:39Z,2018-06-30T23:48:50Z
273148810,BELOMORYE,UIVG,RUS,7808334,2012-01-19T10:38:13Z,2018-06-30T22:50:03Z
273151000,NADEZHDA,UBMZ,RUS,7809106,2012-06-20T12:30:20Z,2018-06-05T09:36:35Z
273353310,NADEZHDA,UBMZ,RUS,7809106,2012-02-16T01:52:53Z,2017-11-20T02:39:27Z
273191300,OBAYATELNYY,UDQY,RUS,8724377,2012-05-04T03:37:54Z,2018-06-30T23:45:39Z
427320957,OBAYATELNYY,UDQY,RUS,8724377,2014-10-11T23:42:57Z,2016-06-01T18:43:18Z
273195200,KRYMSKIY,UDRA,RUS,8423583,2012-01-25T11:31:23Z,2018-05-27T23:09:31Z
273210110,PAMYAT KIROVA,UFXA,RUS,8701040,2012-01-01T00:07:27Z,2018-06-30T23:58:12Z
273210111,PAMYAT KIROVA,UFXA,RUS,8701040,2017-04-23T12:49:46Z,2018-06-29T10:41:07Z
273211110,PAMYAT ILICHA,UFYW,RUS,8811675,2012-02-26T11:01:54Z,2018-06-30T23:52:01Z
273211111,PAMYAT ILICHA,UFYW,RUS,8811675,2017-05-05T00:08:15Z,2017-05-06T05:00:14Z
273211135,PAMYAT ILICHA,UFYW,RUS,8811675,2017-04-13T08:09:32Z,2018-06-30T16:45:58Z
273219900,ARCTIC PRINCESS,UHTA,RUS,7604403,2012-01-13T23:44:09Z,2018-06-30T23:18:01Z
273251100,PETROGRADSKIY,UFXL,RUS,8723347,2012-01-17T09:47:55Z,2018-06-30T19:39:21Z
273252100,VYBORGSKIY,UFVQ,RUS,8723270,2012-01-17T06:38:57Z,2018-06-30T19:23:22Z
273257000,SMOLNINSKIY,UBVW,RUS,8847131,2012-01-11T04:01:24Z,2018-06-30T22:47:12Z
273310240,APOLLO FLYER,UIWS,RUS,8303927,2012-01-03T17:09:09Z,2018-06-30T23:56:07Z
273310720,GENNADIY VODOLAZSKIY,UHOU,RUS,9082180,2012-01-10T23:19:34Z,2018-06-30T23:31:01Z
273310759,GENNADIY VODOLAZSKIY,UHOU,RUS,9082180,2015-10-11T03:08:47Z,2015-10-21T09:26:47Z
273311330,KOMBRIG MALCHENKO,UELF,RUS,9101857,2012-02-03T00:48:22Z,2018-06-30T03:17:38Z
273311610,FROST OLYMPOS,UBYV,RUS,7812024,2012-01-12T03:12:45Z,2018-06-30T22:40:57Z
273311860,PROGRESS,UFWZ,RUS,8516615,2012-01-03T17:04:07Z,2018-06-29T03:35:52Z
273312180,DIREKTOR,UBLE5,RUS,8306606,2012-01-29T13:14:52Z,2012-06-16T09:52:50Z
273312280,KOMETA,UFRO,RUS,8422711,2012-01-03T02:03:03Z,2014-12-10T08:10:35Z
273312860,GARMONIYA,UERQ,RUS,8516639,2012-01-03T03:43:00Z,2018-06-30T22:24:00Z
273312950,ORION,UBYQ,RUS,7920546,2012-01-05T23:14:05Z,2018-06-30T23:56:05Z
666000001,ORION,UBYQ,RUS,7920546,2015-09-14T07:52:47Z,2015-09-22T04:01:01Z
273313270,SIMFONIYA,UFEF,RUS,8516627,2012-01-14T01:16:04Z,2018-06-30T23:47:43Z
273313470,ANATOLIY LARIN,UBHE3,RUS,8516641,2012-01-20T10:08:46Z,2018-06-30T21:16:50Z
273313471,ANATOLIY LARIN,UBHE3,RUS,8516641,2016-04-13T13:58:37Z,2017-12-18T08:39:12Z
273313840,AKASHIYA,UHOJ,RUS,7908562,2012-01-27T10:43:41Z,2018-06-30T23:34:27Z
273316040,REFRIGERATOR-605,UIVV,RUS,8225668,2012-04-25T11:24:19Z,2018-06-30T23:50:36Z
273316080,OLA,UBKE9,RUS,7920326,2012-01-03T05:14:08Z,2014-08-25T02:50:50Z
273316230,BALYUZEK,UBWH,RUS,8518895,2012-01-14T20:53:51Z,2018-06-29T22:27:43Z
273317370,MERCURY,UCGW,RUS,8216916,2012-01-03T00:28:01Z,2018-06-30T13:08:17Z
273317810,CANOPUS,UCTB,RUS,7700087,2012-01-10T15:21:39Z,2018-06-30T23:56:19Z
273319440,GREEN TUNDRA,UGNI,RUS,8512011,2012-01-01T05:31:34Z,2018-06-30T23:59:42Z
273324210,ARCTIC,UFOR,RUS,8223464,2013-12-26T02:01:30Z,2018-06-30T23:32:30Z
273330280,POLTAVA,UEEJ,RUS,9175286,2013-10-14T06:18:43Z,2018-06-30T22:27:22Z
273330281,POLTAVA,UEEJ,RUS,9175286,2013-10-30T17:37:35Z,2018-02-04T07:53:37Z
273330284,POLTAVA,UEEJ,RUS,9175286,2013-10-29T13:51:25Z,2017-11-15T15:35:26Z
273330285,POLTAVA,UEEJ,RUS,9175286,2017-10-30T06:52:05Z,2018-01-03T04:49:19Z
273330299,POLTAVA,UEEJ,RUS,9175286,2016-09-29T00:08:41Z,2017-12-26T14:36:04Z
273330300,POLTAVA,UEEJ,RUS,9175286,2016-07-29T10:43:46Z,2017-11-15T14:53:26Z
273330301,POLTAVA,UEEJ,RUS,9175286,2013-10-25T13:25:39Z,2017-09-26T19:50:25Z
273330303,POLTAVA,UEEJ,RUS,9175286,2016-12-20T09:16:16Z,2018-01-03T01:39:13Z
273335960,FRIO AGATES,UGKH,RUS,9081631,2013-07-30T03:59:20Z,2018-06-30T05:18:07Z
273337510,CRYSTAL ARCTICA,UBGF5,RUS,8509571,2012-01-02T16:11:42Z,2018-06-30T17:05:55Z
273338510,CRYSTAL AFRICA,UBGF6,RUS,8509583,2012-01-02T12:53:34Z,2018-06-30T23:56:05Z
273339110,ZALIV RADUGA,UBDF6,RUS,8216904,2012-01-05T04:58:16Z,2018-06-30T23:57:14Z
273354210,ZALIV RADUGA,UBDF6,RUS,8216904,2014-01-30T13:59:29Z,2017-03-29T23:37:47Z
273339230,OS REEFER,UBVF7,RUS,7825631,2012-01-03T16:56:40Z,2018-06-30T23:28:02Z
273342230,AMBER BALTIC,UBCG5,RUS,8513273,2012-01-01T07:11:18Z,2018-06-30T22:36:52Z
273344710,ICE BREEZE,UBSE4,RUS,8609802,2012-01-11T11:39:28Z,2016-12-07T09:47:22Z
273348520,PAVLOVSK,UBZE3,RUS,8613542,2012-01-12T00:38:06Z,2018-06-28T13:06:49Z
273348810,ICE STREAM,UBTE5,RUS,8609814,2012-01-25T11:33:10Z,2018-06-29T12:29:10Z
273349530,PETR RIKORD,UBFG2,RUS,8609163,2012-01-16T02:18:19Z,2018-06-05T07:23:29Z
273349567,PETR RIKORD,UBFG2,RUS,8609163,2017-08-24T17:33:46Z,2018-06-05T04:46:05Z
273349630,ZODIAK,UBFG9,RUS,8712300,2012-02-03T11:26:34Z,2018-06-30T00:13:21Z
273350580,ARKADIJA,UBEJ2,RUS,9057393,2012-12-16T04:46:23Z,2018-06-30T23:59:10Z
273350583,ARKADIJA,UBEJ2,RUS,9057393,2014-09-27T10:36:20Z,2014-10-10T04:19:32Z
273351170,ODIN,UBRI2,RUS,8320834,2012-08-22T23:23:32Z,2018-06-30T06:02:46Z
273351900,AMEGA,UBLG2,RUS,8502793,2012-01-06T23:52:14Z,2018-06-30T23:03:13Z
273361900,AMEGA,UBLG2,RUS,8502793,2013-12-27T07:14:04Z,2014-01-04T09:18:58Z
273352570,PYOTR ILICHYOV,UCMP,RUS,9082178,2012-10-22T07:16:45Z,2018-06-30T23:16:04Z
273352571,PYOTR ILICHYOV,UCMP,RUS,9082178,2016-05-24T02:00:37Z,2018-06-25T05:48:26Z
273352574,PYOTR ILICHYOV,UCMP,RUS,9082178,2016-07-09T08:49:00Z,2018-02-13T21:10:07Z
273352575,PYOTR ILICHYOV,UCMP,RUS,9082178,2016-05-22T14:50:25Z,2018-06-27T02:50:48Z
273352700,CORONA REEFER,UIAE,RUS,9004358,2012-03-02T00:06:23Z,2018-06-30T22:44:54Z
273352840,SAN DIEGO,UBCI2,RUS,8421200,2012-01-18T02:26:00Z,2018-04-10T00:34:51Z
273353640,EKATERINA,UBZH8,RUS,8603171,2012-05-11T15:39:57Z,2018-03-09T02:04:31Z
273353800,CRYSTAL ATLANTICA,UBKG5,RUS,8509569,2012-01-12T00:37:27Z,2018-06-30T03:25:26Z
273354620,MARINE STAR,UBFH2,RUS,8617770,2012-01-21T11:25:31Z,2018-06-30T21:17:59Z
273354740,SARONIC BREEZE,UBYH9,RUS,9081643,2012-01-12T00:37:56Z,2018-06-30T20:49:16Z
273354751,SARONIC BREEZE,UBYH9,RUS,9081643,2016-12-28T13:04:30Z,2018-05-02T13:32:32Z
273354770,CANARIAN REEFER,UBXI2,RUS,9081655,2012-09-24T18:22:12Z,2018-06-30T09:05:19Z
273354920,SIRIUS-1,UBHH7,RUS,9003146,2012-01-26T00:26:42Z,2014-04-28T04:06:36Z
273355540,VOSTOK REEFER,UBYH6,RUS,8403961,2012-03-14T11:02:25Z,2018-06-29T19:53:27Z
273356010,SIVUCH,UBMG8,RUS,7723027,2012-02-15T10:14:44Z,2018-06-30T23:39:00Z
273356290,VITALIY SHMYKOV,UBOJ9,RUS,8710352,2013-03-22T08:56:31Z,2018-06-30T23:53:50Z
273356610,PROLIV LONGA,UBXG4,RUS,8136740,2012-01-12T00:39:50Z,2018-06-30T23:49:00Z
273356760,HATSUKARI,UBOI9,RUS,9054858,2012-09-06T20:31:58Z,2018-06-30T23:53:46Z
273357670,FRIO SEVASTOPOLIS,UBWI5,RUS,8860432,2012-09-15T12:08:00Z,2018-06-30T23:45:24Z
273358410,BUKHTA ASACHA,UHJK,RUS,8210247,2012-01-11T23:57:16Z,2018-06-29T22:43:47Z
273358510,SIERRA,UAID,RUS,8216198,2012-01-13T23:58:23Z,2018-06-30T23:49:40Z
273358660,BUKHTA NATALII,UBNI6,RUS,7929786,2012-07-22T00:28:12Z,2018-06-30T23:35:23Z
273358980,CAPTAINMOKEEV,UBMJ3,RUS,9081667,2013-02-27T11:29:31Z,2018-06-30T08:52:27Z
273359920,TAVRIA,UBIH4,RUS,8826759,2012-01-04T13:44:28Z,2018-06-30T23:21:55Z
273359933,TAVRIA,UBIH4,RUS,8826759,2017-10-06T09:59:28Z,2018-04-16T19:46:31Z
273359934,TAVRIA,UBIH4,RUS,8826759,2017-01-28T22:07:20Z,2018-05-20T15:06:26Z
273359935,TAVRIA,UBIH4,RUS,8826759,2017-01-28T08:58:05Z,2018-04-17T00:36:28Z
992724428,TAVRIA,UBIH4,RUS,8826759,2013-03-06T12:03:59Z,2016-05-22T22:09:26Z
273367690,TORNADO,UBGM2,RUS,8404575,2014-09-20T09:01:30Z,2018-06-30T22:44:26Z
273381350,KAMCHATSKIY PROLIV,UARD,RUS,9061899,2016-04-21T05:19:05Z,2018-06-30T15:30:49Z
273382550,PACIFICA,UIIA,RUS,8812801,2016-04-26T11:02:30Z,2018-06-30T22:46:51Z
273383970,BOSFOR VOSTOCHNY,UEXJ,RUS,9010785,2017-03-30T15:56:17Z,2018-06-30T23:14:19Z
273384930,VYSOTSK,UAPA,RUS,9196357,2016-01-31T04:11:34Z,2018-06-30T23:49:26Z
273384970,NOVIY SVET,UEOD,RUS,8509557,2017-03-27T13:45:52Z,2018-06-30T22:45:43Z
273385120,URGULL,UBZN7,RUS,8810190,2015-11-05T03:33:56Z,2018-06-30T23:58:22Z
273385132,URGULL,UBZN7,RUS,8810190,2018-06-21T12:05:32Z,2018-06-21T15:35:33Z
273385136,URGULL,UBZN7,RUS,8810190,2017-05-16T07:19:29Z,2017-05-19T09:51:54Z
273385137,URGULL,UBZN7,RUS,8810190,2017-04-01T18:08:30Z,2017-05-25T17:31:50Z
273385142,URGULL,UBZN7,RUS,8810190,2016-06-28T00:43:34Z,2018-02-01T03:11:07Z
273385143,URGULL,UBZN7,RUS,8810190,2018-06-22T00:09:42Z,2018-06-24T18:13:55Z
273385151,URGULL,UBZN7,RUS,8810190,2016-06-26T12:49:44Z,2018-06-30T12:07:56Z
273385180,URGULL,UBZN7,RUS,8810190,2015-10-22T06:52:36Z,2015-11-05T02:45:51Z
273385170,TIGR 2,UBFP9,RUS,9061198,2017-01-26T04:19:49Z,2018-06-30T23:57:01Z
273387370,ZOLOTOY ROG,UAXZ,RUS,9016973,2017-02-25T08:12:00Z,2018-06-30T22:58:34Z
273389770,ORION-1,UCET,RUS,8520496,2017-03-28T07:49:46Z,2018-06-30T22:36:38Z
273394490,CRYSTAL ASIA,UDSR,RUS,9053957,2016-11-09T14:39:58Z,2018-06-30T22:19:08Z
273395480,ATLANTICA,UCFB,RUS,8812796,2016-08-29T16:49:04Z,2018-06-30T23:45:42Z
273395490,CRYSTAL ANTARCTIDA,UDWU,RUS,9073268,2016-11-12T12:23:45Z,2018-06-30T23:42:10Z
273397490,RETRIEVER,UBXG,RUS,9109500,2016-11-12T00:18:22Z,2018-06-30T20:56:35Z
273398990,FRIO SAPFIR,UBFP5,RUS,9014793,2017-01-23T08:32:54Z,2018-06-30T22:58:09Z
273410910,LIMANSKIY,UGFF,RUS,8423612,2012-01-09T02:48:01Z,2018-06-30T23:43:44Z
273417300,KAM STAR,UBIF,RUS,8220096,2012-01-11T00:48:02Z,2018-06-30T23:57:33Z
273420160,LYRA,UBOR,RUS,7826154,2012-01-17T11:17:02Z,2018-06-30T23:54:36Z
273420240,KOMMUNARY NIKOLAYEVA,UERA,RUS,8729183,2012-01-06T00:51:32Z,2018-06-29T21:56:25Z
273421240,ANTON GURIN,UERJ,RUS,8723402,2012-01-02T04:37:24Z,2018-06-30T23:50:18Z
273421246,ANTON GURIN,UERJ,RUS,8723402,2016-12-24T10:06:44Z,2017-07-23T15:23:59Z
273421470,PROFESSOR MEGRABOV,UFOC,RUS,7723065,2012-10-17T02:16:32Z,2016-09-20T21:43:57Z
273422240,KAPITAN KIRICHENKO,UEZS,RUS,8832069,2012-01-01T00:31:17Z,2018-06-30T22:32:27Z
273425770,KAPITAN SHCHERBAKOV,UBFQ,RUS,8422931,2012-01-05T20:51:26Z,2018-06-29T18:17:37Z
273428710,KAPITAN KANTSIBER,UESK,RUS,8623559,2012-02-04T23:57:18Z,2014-11-30T05:31:04Z
273429140,VASILIY POLESHCHUK,UIQL,RUS,8701038,2012-01-07T01:28:50Z,2018-06-30T22:56:20Z
273430160,RUSTICA,UHCL,RUS,8520563,2012-01-27T12:21:53Z,2018-06-30T23:26:40Z
273434010,MANGAZEYA,UFRI,RUS,7741108,2012-06-11T04:58:21Z,2018-06-30T23:50:29Z
273434080,NADEZHDA,UEPQ,RUS,7379553,2012-01-13T23:55:28Z,2018-06-30T13:08:42Z
273434600,KOOPERATOR,UEZM,RUS,8729200,2012-01-23T13:49:28Z,2018-06-30T22:34:41Z
273435310,BASKUNCHAKSKIY,UBAZ,RUS,8723311,2012-01-20T14:56:24Z,2018-06-30T23:54:07Z
273436790,PETERGOF,UIKZ,RUS,8319184,2012-01-04T11:03:39Z,2018-06-28T11:53:11Z
273440860,KATRAN,UERV,RUS,8727343,2012-01-17T12:54:10Z,2018-06-30T23:51:27Z
273440863,KATRAN,UERV,RUS,8727343,2016-06-26T19:21:57Z,2016-10-04T05:38:22Z
273440892,KATRAN,UERV,RUS,8727343,2016-11-26T15:39:50Z,2016-12-14T22:19:29Z
273440893,KATRAN,UERV,RUS,8727343,2016-10-09T14:55:55Z,2017-01-21T14:50:26Z
273440894,KATRAN,UERV,RUS,8727343,2016-07-06T19:40:57Z,2016-12-13T01:25:16Z
273440895,KATRAN,UERV,RUS,8727343,2016-10-01T17:22:09Z,2017-01-08T07:26:25Z
273441270,MYS KOMMUNAROV,UFTA,RUS,7821910,2012-01-02T12:58:12Z,2018-06-30T19:51:56Z
273441670,JUPITER,UDOW,RUS,7700116,2012-01-17T12:53:11Z,2018-06-30T23:43:26Z
273441678,JUPITER,UDOW,RUS,7700116,2016-12-07T03:43:29Z,2018-01-13T08:37:56Z
273441679,JUPITER,UDOW,RUS,7700116,2017-04-07T08:52:00Z,2017-04-07T20:33:55Z
273441694,JUPITER,UDOW,RUS,7700116,2016-11-25T08:56:02Z,2016-11-25T16:20:01Z
273441711,JUPITER,UDOW,RUS,7700116,2016-11-28T08:38:05Z,2016-12-01T16:12:19Z
273441719,JUPITER,UDOW,RUS,7700116,2015-09-22T15:07:30Z,2017-09-05T20:03:44Z
273441726,JUPITER,UDOW,RUS,7700116,2016-10-05T16:09:07Z,2017-12-08T11:25:25Z
273441727,JUPITER,UDOW,RUS,7700116,2014-12-10T17:44:50Z,2017-12-12T14:17:24Z
273442580,ZARYA,UFCR,RUS,9012214,2012-01-06T23:52:15Z,2018-06-30T23:44:00Z
273442740,BUKHTA NAGAEVA,UDVM,RUS,8313879,2012-01-08T12:47:27Z,2018-06-30T23:20:01Z
273449080,SORAKSAN,UAYO,RUS,8723361,2012-01-07T04:41:49Z,2018-06-30T22:40:17Z
273449510,GEOLOGPECHKUROV,UHYG,RUS,8842533,2014-06-25T12:24:17Z,2018-06-30T20:06:56Z
273449760,PLUTONAS,UERU,RUS,7808322,2012-01-07T04:54:47Z,2018-06-30T23:30:39Z
273449788,PLUTONAS,UERU,RUS,7808322,2018-04-08T16:07:38Z,2018-04-08T18:47:47Z
273449790,PLUTONAS,UERU,RUS,7808322,2017-05-04T12:20:56Z,2017-05-10T18:25:06Z
273449791,PLUTONAS,UERU,RUS,7808322,2017-11-09T07:23:02Z,2018-04-07T14:58:02Z
273457850,PREGOLSKIY,UDLH,RUS,8724341,2012-01-17T21:31:56Z,2018-06-30T23:56:44Z
273459400,TAMARA,UAJV,RUS,8880523,2012-01-17T09:40:41Z,2018-06-27T07:33:59Z
273511500,GIBRALTAR,UFNO,RUS,7642663,2012-01-23T04:40:13Z,2018-02-21T23:39:56Z
273512400,TAMBOV,UIMH,RUS,8225723,2012-01-18T00:10:42Z,2018-06-30T19:28:30Z
273512445,TAMBOV,UIMH,RUS,8225723,2017-08-11T18:31:12Z,2017-09-27T09:16:40Z
273512447,TAMBOV,UIMH,RUS,8225723,2017-08-02T19:48:43Z,2017-08-16T15:24:05Z
273557400,KAPITAN LAZAREV,UEAV,RUS,9016985,2013-10-10T07:14:12Z,2014-07-09T18:02:34Z
273561800,SARGAN,UGOL,RUS,9101352,2012-01-03T16:58:01Z,2018-06-29T23:59:01Z
273811020,KAPITAN PRYAKHA,UIWB,RUS,8834483,2012-01-14T01:28:09Z,2018-06-30T23:43:53Z
273811510,OSTROV KARAGINSKIY,UEVS,RUS,9159763,2012-01-19T12:02:27Z,2018-06-30T23:20:40Z
273812060,TRIADA,UFKE,RUS,9101869,2012-01-04T05:56:16Z,2018-06-30T23:17:02Z
273813060,TARAVA,UBMB,RUS,8880511,2012-01-06T23:54:19Z,2013-10-10T05:09:07Z
273814050,OZERSK,UHWR,RUS,8226973,2012-01-17T09:43:23Z,2018-06-30T23:29:33Z
723814050,OZERSK,UHWR,RUS,8226973,2017-01-05T23:34:09Z,2017-03-24T18:31:58Z
273815000,VLAD ORION,UAKG,RUS,8881357,2012-01-17T11:10:37Z,2018-06-28T14:33:11Z
273815020,NEREY,UIUS,RUS,8723373,2012-01-01T00:05:01Z,2018-01-29T20:29:11Z
273815050,KOMSOMOLIYA KALININGRADA,UHWS,RUS,8033857,2012-01-13T23:53:59Z,2018-06-30T23:34:09Z
273816010,BEREG MECHTY,UIIC,RUS,8225711,2012-01-25T03:53:57Z,2017-09-14T03:01:48Z
273816020,KORSAKOV,UIUT,RUS,8326113,2012-01-07T21:39:30Z,2018-06-27T00:37:59Z
273817020,ICEBERG,UBRG,RUS,8521804,2013-12-17T01:43:15Z,2018-03-13T17:31:31Z
273817200,EVGENIY ZOTOV,UDDF,RUS,9076595,2012-04-16T13:05:21Z,2018-06-30T00:00:36Z
273818000,DIONA,UCBY,RUS,9125920,2012-01-17T00:03:17Z,2018-06-30T22:16:54Z
273819710,SUBARU,UEKN,RUS,8810310,2012-02-15T04:50:47Z,2018-06-30T23:56:08Z
273820900,NADIR,UEVR,RUS,8724389,2012-05-02T05:34:44Z,2017-05-31T08:49:53Z
273824020,NIKOLAY KASATKIN,UEFY,RUS,8857796,2012-01-24T11:54:32Z,2018-06-30T23:49:42Z
273825200,PREDSEDATEL GANSLEP,UIVX,RUS,8834689,2014-05-13T02:20:42Z,2018-06-30T22:38:52Z
273825810,LUCHISTYY,UHTH,RUS,8035087,2012-01-18T23:47:42Z,2018-06-30T23:51:26Z
273825855,LUCHISTYY,UHTH,RUS,8035087,2017-12-10T08:43:36Z,2017-12-11T02:07:29Z
273827710,TITANIYA,UFBO,RUS,8727147,2012-01-23T01:27:38Z,2018-06-30T23:43:15Z
273829410,SAKHRYBA,UEKI,RUS,8842997,2012-01-12T21:25:56Z,2018-06-30T23:55:46Z
273833000,DORIDA,UIEI,RUS,8623925,2012-01-07T21:40:06Z,2018-02-17T11:10:18Z
273842700,AMAYAN,UDKC,RUS,8858544,2012-01-02T12:58:33Z,2018-04-11T00:22:08Z
273844500,CAESAR,UCXC,RUS,8835968,2012-01-12T00:35:07Z,2018-06-16T08:55:05Z
273844510,MAYAK,UDIN,RUS,8860119,2012-01-11T06:49:43Z,2012-06-03T00:17:19Z
273844700,KAPITANSTEKOLSCHIKOV,UHWT,RUS,8884256,2012-02-01T13:45:05Z,2018-06-30T07:24:32Z
273848200,TATARSTAN,UCLX,RUS,7730159,2012-01-20T11:40:52Z,2014-05-07T00:48:42Z
273872100,RUBINOVYY,UDSD,RUS,8725826,2012-01-12T00:40:41Z,2018-06-30T23:56:24Z
273873500,OSTROV IONY,UGCW,RUS,8847052,2012-01-01T03:59:24Z,2018-06-30T09:18:57Z
273875400,IRTYSH,UGCQ,RUS,8724420,2012-01-10T03:27:13Z,2018-06-30T23:45:08Z
273879400,AMURSKIY LIMAN,UGCT,RUS,8858568,2012-01-05T00:39:18Z,2013-09-27T12:27:52Z
273892210,GEROI SIVASHA,UHUV,RUS,8038170,2012-02-23T01:21:14Z,2016-11-23T13:25:24Z
273895510,DRUZHBA,UHSV,RUS,8730089,2012-09-08T14:29:35Z,2018-06-20T21:10:59Z
273895511,DRUZHBA,UHSV,RUS,8730089,2012-01-22T11:01:42Z,2017-08-23T10:03:44Z
273895519,DRUZHBA,UHSV,RUS,8730089,2017-08-16T13:53:22Z,2018-04-18T00:43:43Z
273895551,DRUZHBA,UHSV,RUS,8730089,2017-05-04T13:15:05Z,2017-08-22T18:36:57Z
273896310,VYSOKOGORNYY,UGQF,RUS,8328771,2012-01-25T11:28:25Z,2013-09-20T18:28:49Z
403025000,ALZOHAL1,HZDD,SAU,8520501,2012-01-24T01:19:25Z,2012-12-29T07:38:38Z
663037000,BOROM DARADJI,6WIY,SEN,7021209,2014-07-17T16:18:56Z,2018-06-30T23:18:28Z
563418000,CHITOSE,9V6110,SGP,9666508,2013-07-29T23:24:36Z,2018-06-30T23:24:45Z
667006086,NIKOLAYUSTINOV,9LC2179,SLE,9500326,2013-01-03T11:46:20Z,2016-09-22T07:02:23Z
667006043,FRIOSEVASTOPOLIS,9LC2136,SLE,8860432,2012-02-14T14:04:04Z,2012-07-13T19:47:06Z
667001392,OCEAN STAR 98,9LU2195,SLE,8517346,2015-06-12T04:39:01Z,2018-06-30T23:57:22Z
667003248,ZHONG ZHOU 1,9LY2445,SLE,9044358,2012-01-01T04:24:56Z,2014-01-14T05:21:11Z
356126000,NORT,9LC2196,SLE,8138724,2013-05-29T12:28:52Z,2013-06-21T05:05:50Z
667006103,NORT,9LC2196,SLE,8138724,2013-06-21T05:50:20Z,2014-06-18T03:05:43Z
667004025,MIN TAI LENG,9LA2124,SLE,8627309,2012-06-21T09:10:51Z,2013-05-31T02:47:18Z
667003336,FONGKUO807,9LY2533,SLE,9065534,2012-07-07T21:39:40Z,2013-04-25T03:06:33Z
667003111,HANXING,9LY2308,SLE,9586332,2012-01-04T00:54:12Z,2013-05-08T07:24:27Z
667007053,HAO XIANG,9LF7053,SLE,7812062,2012-04-27T01:23:28Z,2013-08-22T13:41:47Z
667003426,HENGXING1,9LY2623,SLE,8834421,2013-06-24T04:30:41Z,2018-06-23T08:14:02Z
668052002,HENGXING1,9LY2623,SLE,8834421,2015-06-09T18:17:25Z,2016-06-28T03:25:31Z
667003229,RUNJIU,9LY2426,SLE,9441960,2012-01-01T00:32:19Z,2013-04-27T06:04:43Z
667943000,LUCKY 101,9LD2244,SLE,8831431,2012-01-03T14:48:09Z,2015-02-12T01:57:00Z
664090000,KAIHO MARU,S7OJ,SYC,8909680,2015-10-14T03:02:26Z,2017-07-04T06:09:54Z
671641000,MARS,5VDP5,TGO,7723027,2015-09-08T09:34:30Z,2017-05-18T09:04:22Z
671608000,DO WON,5VDJ9,TGO,7927037,2015-12-21T02:15:06Z,2016-05-22T13:28:53Z
672656576,DO WON,5VDJ9,TGO,7927037,2016-03-20T15:03:41Z,2016-03-22T07:46:25Z
567005700,GRANDOCEANREEFER,HSDZ,THA,6702715,2012-02-20T02:48:48Z,2012-03-21T01:20:34Z
567007200,REDPEARL,HSB2191,THA,6904208,2012-01-07T14:43:16Z,2012-12-29T08:59:58Z
567486000,KGOLDENSEA,HSB4828,THA,7811501,2013-08-12T04:25:46Z,2014-11-27T16:12:26Z
567492000,MARINE1,HSB4886,THA,7721067,2013-10-09T15:30:11Z,2016-01-05T22:29:40Z
567451000,SEAVICAREMAR,HSB4649,THA,6908993,2012-03-21T13:03:48Z,2018-06-28T21:17:11Z
567176000,SEVEN SEAS,HSB2703,THA,8210936,2012-02-17T18:47:09Z,2015-11-30T08:13:54Z
567004800,SEAVICPRINSES,HSB2579,THA,7819034,2013-01-09T07:22:20Z,2016-11-21T02:40:08Z
567006700,SILVERSEA3,HSB2233,THA,7006376,2012-09-24T15:41:27Z,2015-04-19T13:39:59Z
567006701,SILVERSEA3,HSB2233,THA,7006376,2012-01-01T03:19:16Z,2012-09-01T11:08:14Z
567008100,ITFA3,HSB2369,THA,7905833,2012-02-01T16:43:36Z,2014-12-11T19:12:30Z
567008300,BLACKPEARL,HSB2163,THA,6601636,2012-01-30T15:40:05Z,2012-09-10T03:15:12Z
567011500,SILVER SEA LINE 2,HSCY2,THA,7727114,2012-01-03T16:53:51Z,2015-03-04T03:16:48Z
567046600,ASIAN MARINE REEFER 2,HSBX,THA,7804900,2016-08-06T04:06:16Z,2018-04-23T12:48:11Z
567046600,SILVER SEA LINE,HSBX,THA,7804900,2012-01-14T16:46:04Z,2016-08-05T04:03:07Z
567115000,FERNANDO,HSB2346,THA,7116896,2012-02-22T18:31:29Z,2018-06-30T07:34:39Z
567175000,CELTIC ICE,HSB2700,THA,7727102,2016-07-31T03:48:59Z,2018-04-13T13:44:08Z
567175000,SILVER SEA 1,HSB2700,THA,7727102,2012-01-02T15:49:21Z,2015-05-17T15:10:46Z
567183000,SILVER SEA 2,HSB2719,THA,7727097,2012-03-06T13:42:18Z,2017-01-08T14:21:22Z
567188000,SERENE REEFER,HSB2752,THA,7508336,2012-01-14T15:07:37Z,2018-05-04T00:06:57Z
567196000,SIRICHAI REEFER,HSB2797,THA,8211837,2015-07-24T07:57:11Z,2018-06-29T04:53:02Z
567231000,ASIAN MARINE REEFER,HSB2993,THA,7637589,2017-05-26T14:27:31Z,2018-05-24T14:56:14Z
567231000,SILVERSEALINE3,HSB2993,THA,7637589,2014-04-28T00:04:31Z,2014-11-17T18:39:46Z
567255000,M.V. S.LEELAWADEE,HSB3070,THA,7637539,2013-03-24T09:44:32Z,2018-05-31T21:38:59Z
567266000,NEW STREAM,HSB3066,THA,7637565,2013-04-24T05:23:34Z,2017-10-10T00:46:21Z
567293000,MISSOURI REEFER,HSB3203,THA,7635878,2012-01-13T18:36:28Z,2018-05-20T13:31:44Z
567817288,MISSOURI REEFER,HSB3203,THA,7635878,2015-05-15T09:02:32Z,2015-11-10T20:56:23Z
567391000,PATSORN,HSB4501,THA,7713230,2012-04-30T14:10:08Z,2018-05-24T15:06:32Z
567476000,SEAVICREEFER,HSB4761,THA,7724186,2013-03-27T15:39:49Z,2015-07-24T03:44:41Z
567487000,SEANETWORK,HSB4831,THA,7637553,2014-01-09T01:44:22Z,2018-06-23T13:14:18Z
416730000,LIAN JYI HSING,BI2037,TWN,7234210,2012-08-13T01:34:45Z,2018-06-30T23:56:03Z
416064900,FENG HAI NO.1,BZHY,TWN,8676300,2012-08-01T13:19:30Z,2018-03-14T06:02:25Z
415518424,LIANCHUANSHENG66,BEGE,TWN,7305722,2018-05-28T00:14:33Z,2018-06-30T18:31:47Z
416567000,LIAN CHUAN SHENG NO.66,BEGE,TWN,7305722,2012-01-25T18:02:14Z,2018-05-28T00:02:21Z
416001900,YUAN TAI NO.806,BZIR,TWN,7900663,2012-01-01T02:52:39Z,2017-11-09T06:54:24Z
416085900,CHEN YU NO.7,BZLY,TWN,7930175,2016-07-07T02:41:24Z,2016-10-11T02:58:34Z
416308000,CHEN YU NO.7,BZLY,TWN,7930175,2012-02-24T06:02:02Z,2018-06-29T06:04:08Z
416110700,NA,BI2039,TWN,7121956,2012-08-09T01:31:54Z,2018-06-30T13:44:48Z
416521000,YONG MAN SHUN,BZCO,TWN,NA,2012-08-01T09:08:22Z,2018-06-28T16:11:25Z
416602000,SHUN TIAN FA NO.168,BZEJ,TWN,7323401,2012-01-09T21:14:50Z,2018-06-30T04:47:03Z
416696000,FU JYI,BZKU,TWN,6811932,2012-06-28T03:48:54Z,2017-10-27T12:05:44Z
416702000,SHENG HONG,BZLL,TWN,7920869,2012-01-22T15:33:51Z,2018-06-30T21:13:36Z
416778000,WIN SHUEN SHING,BECS,TWN,7332713,2012-01-11T19:11:32Z,2018-06-30T23:48:34Z
416788000,CHANG CHING NO.1,BZFN,TWN,6908113,2012-08-02T11:28:42Z,2018-05-28T02:38:02Z
677038700,HAITONGDA,5IM494,TZA,8426913,2016-11-15T08:42:12Z,2017-07-30T13:05:42Z
677018800,DENIZ,5IM288,TZA,8202563,2017-06-19T09:01:44Z,2018-05-07T14:54:35Z
677018800,WEN MING,NA,TZA,9216884,2016-08-29T08:35:44Z,2016-12-14T16:13:18Z
677018800,LETFALLAH III,NA,TZA,7522203,2012-01-01T15:53:59Z,2015-03-11T14:21:20Z
677047700,AMINAH,5IM577,TZA,8818893,2012-05-25T20:14:48Z,2018-06-30T23:31:07Z
272523000,KORSUN,UUCW,UKR,8036079,2012-07-01T09:16:23Z,2013-12-19T07:54:38Z
272727000,POLUS1,UUAY6,UKR,8727018,2013-12-25T11:19:27Z,2018-02-15T20:54:52Z
514394000,POLUS1,UUAY6,UKR,8727018,2013-12-19T12:29:10Z,2013-12-24T11:16:52Z
800668688,HAIFENG9,BCLN5,UNK,NA,2016-10-15T12:11:17Z,2017-04-02T12:22:58Z
338164513,PRIEST POINT,WCE6163,USA,NA,2013-12-12T20:05:59Z,2018-05-14T23:53:51Z
367108640,BARWELL,WBK3226,USA,7051668,2012-02-14T09:00:44Z,2017-09-02T00:59:30Z
367187410,SELDOVIA,WDD7509,USA,7308712,2012-05-17T09:31:46Z,2018-04-23T02:25:11Z
367402920,OCEAN MAID,WDE8215,USA,7307550,2012-06-04T22:13:09Z,2018-05-14T23:39:27Z
367492890,ISLAND TRADER,WDF8244,USA,NA,2012-01-03T02:11:01Z,2018-05-14T21:04:09Z
367545050,AKUTAN,WDG5284,USA,5007510,2012-09-08T22:39:15Z,2017-09-08T16:40:27Z
5004,GANDIL,WDC5380,USA,8034667,2012-01-01T00:00:28Z,2014-04-16T15:20:52Z
367040180,GANDIL,WDC5380,USA,8034667,2014-04-17T05:24:33Z,2018-05-13T20:07:50Z
303643000,JENNIFER A,WDC9097,USA,7937501,2015-03-07T08:01:32Z,2016-06-15T17:47:45Z
367097520,JENNIFER A,WDC9097,USA,7937501,2016-06-15T20:50:05Z,2017-09-18T19:27:44Z
338132058,F/V PAVLOF,WBP5804,USA,NA,2012-08-01T05:42:11Z,2016-06-19T07:40:55Z
338167548,ISLAND DANCER,WCX2761,USA,NA,2014-03-25T21:48:54Z,2018-04-06T20:25:36Z
338898000,EGEGIK SPIRIT,WDF4089,USA,7515054,2012-08-02T05:22:17Z,2017-09-09T20:29:54Z
366166330,ANNIHILATOR,WAV9937,USA,7933672,2013-06-06T21:45:02Z,2018-05-14T23:44:15Z
366688750,WESTWARD,WDC8769,USA,7308322,2012-01-12T03:41:51Z,2017-09-21T00:05:11Z
366721880,DILIGENCE,WDD7916,USA,NA,2012-03-01T04:55:53Z,2017-01-26T21:42:54Z
366764080,CACHALOT,WB4937,USA,7619771,2012-06-05T19:57:22Z,2018-05-14T23:53:09Z
366841470,CHAMAI,WDD5880,USA,NA,2012-05-29T08:09:16Z,2018-05-14T21:08:07Z
366971230,HALLO BAY,WBM7130,USA,NA,2012-06-08T21:53:08Z,2018-06-30T15:45:15Z
366971260,CAPE CALM,WBM7124,USA,7939523,2012-06-13T21:35:12Z,2018-06-30T20:50:14Z
367019320,LOGGER,WDC4116,USA,7203003,2012-01-13T20:49:25Z,2017-09-21T18:45:27Z
367026930,DOROTHEA,WDC4584,USA,NA,2012-05-25T20:56:43Z,2016-05-11T18:08:10Z
367028430,ALASKA EAGLE,WAK7961,USA,7202566,2012-06-21T07:17:47Z,2018-05-01T15:55:18Z
367039940,NOTORIOUS,WDH5866,USA,7202061,2015-07-18T15:31:45Z,2018-03-17T07:46:26Z
367632260,NOTORIOUS,WDH5866,USA,7202061,2018-03-17T07:50:18Z,2018-05-14T23:42:45Z
367098030,KONA KAI,WBS9245,USA,8852667,2012-01-05T00:18:19Z,2018-04-01T13:14:09Z
367098190,ENTRANCE POINT,WDC9146,USA,8851699,2012-01-06T19:01:07Z,2018-03-13T18:08:54Z
367107030,AKEMI,WDC9814,USA,NA,2012-01-21T23:33:00Z,2018-05-14T22:41:38Z
367108410,ST. LAZARIA,WDC9919,USA,NA,2012-08-05T04:11:14Z,2018-05-14T23:44:59Z
367108420,AFOGNAK,WDC9920,USA,7048829,2014-06-27T15:04:16Z,2018-04-01T13:11:38Z
367113130,CARMELA,WCZ8776,USA,7049990,2012-05-19T23:07:03Z,2016-09-07T14:31:51Z
367116310,WILD SALMON,WDD2516,USA,NA,2012-01-03T06:26:45Z,2018-05-14T21:30:28Z
367119230,NOR`QUEST,WDD2742,USA,NA,2012-04-01T09:40:01Z,2017-09-23T17:15:07Z
367119930,NAKNEK SPIRIT,WDF7411,USA,NA,2012-04-15T07:14:03Z,2016-10-04T05:11:39Z
367124290,CAPE DENBIGH,WDC3659,USA,8332136,2012-01-01T00:04:40Z,2018-03-19T22:02:00Z
367137170,KATRINA EM,WTK2245,USA,7908213,2012-01-07T21:29:00Z,2018-05-14T07:09:47Z
367139360,TOTEM,WBC4008,USA,NA,2012-05-19T08:41:51Z,2017-09-16T13:37:21Z
367171480,DECEPTION,WDD6334,USA,8851467,2012-03-13T06:41:32Z,2018-05-10T18:47:23Z
367302960,BRUIN BAY,WDD8804,USA,NA,2012-07-09T08:16:51Z,2018-03-05T22:27:21Z
367312010,LOIS ANDERSON,WDD9476,USA,7203015,2012-01-01T02:28:12Z,2018-04-05T17:34:20Z
367348005,HARMONY I,WDE4075,USA,7917666,2012-02-28T23:24:19Z,2018-03-27T20:54:58Z
367348340,HARMONY I,WDE4075,USA,7917666,2018-03-27T20:56:52Z,2018-05-14T23:54:13Z
367392530,LAST FRONTIER,WDE7375,USA,8855205,2012-01-23T17:12:11Z,2018-06-30T19:24:39Z
367451510,ROEDDA,WDF4404,USA,NA,2012-08-19T08:05:47Z,2018-05-13T05:25:28Z
367452240,LINDA B,WDF4466,USA,NA,2013-05-22T19:25:38Z,2017-11-21T15:46:32Z
367452850,TINA B,WDF4520,USA,NA,2012-05-16T04:01:16Z,2017-07-21T18:38:09Z
367486040,NUSHAGAK SPIRIT,WDF7589,USA,NA,2012-04-13T23:13:44Z,2018-05-14T20:37:00Z
367488280,MUSKRAT,WDF7801,USA,5244259,2012-04-17T19:22:27Z,2018-05-14T23:56:06Z
367494020,VIKING,WDF8358,USA,7309780,2012-05-01T20:33:38Z,2018-05-14T23:35:22Z
367534430,SHELTER COVE,WDG4237,USA,NA,2012-06-16T21:17:10Z,2016-07-02T04:00:13Z
367561070,STEELHEAD,WDG6826,USA,7940211,2014-03-11T00:35:45Z,2018-05-14T20:31:08Z
367656470,M & M,WDH8279,USA,8852679,2015-03-12T21:23:54Z,2016-03-21T17:12:44Z
368213000,SAVAGE,WAQ3499,USA,8856390,2012-06-18T05:16:14Z,2017-12-24T14:22:18Z
367442240,LINDA B,WDF4466,USA,NA,2012-03-09T22:33:47Z,2013-05-20T23:29:58Z
377906047,BARANA,J8PV5,VCT,8707159,2012-01-02T00:25:02Z,2018-05-14T15:17:56Z
376098000,ELECTRA,J8B4888,VCT,8404238,2013-08-06T17:04:07Z,2016-07-09T07:00:21Z
376311000,APUS,J8UC8,VCT,8604606,2012-01-03T16:43:09Z,2013-10-02T12:25:00Z
375789000,EUROPA,NA,VCT,8224432,2012-01-01T07:38:56Z,2014-09-09T07:37:25Z
377762000,BALTICSTAR,J8B4371,VCT,7726706,2012-01-03T02:31:45Z,2015-07-09T02:37:38Z
576626000,HATSUKARI,YJQL2,VUT,9054858,2012-01-11T16:44:11Z,2012-04-21T22:13:44Z
577324000,SEA PEARL,YJUT4,VUT,9008639,2015-03-03T03:28:53Z,2016-09-11T16:44:13Z
577089000,BADARO,YJSC3,VUT,9163439,2012-07-05T00:46:29Z,2014-03-21T21:24:23Z
577314000,SEA TRADER,YJUM3,VUT,8919893,2015-02-06T04:34:59Z,2016-04-26T10:41:18Z
576139000,TUNA PRINCESS,YJQT4,VUT,9314612,2012-01-19T00:23:45Z,2015-04-04T00:04:01Z
577106000,HARIMA 2,YJTB3,VUT,9133317,2012-08-25T02:45:41Z,2018-06-30T23:57:23Z
577310000,KAIMON,YJUK3,VUT,9172442,2016-06-03T07:03:04Z,2018-06-30T03:29:53Z
576711000,FRIO ATHENS,YJQN2,VUT,8710340,2012-01-01T11:11:24Z,2016-10-14T08:38:18Z
577105000,RYOMA,YJTA9,VUT,9133305,2012-08-24T04:43:51Z,2016-12-09T01:36:07Z
576277000,SHIN IZU,YJQA5,VUT,9186936,2012-01-01T07:32:18Z,2017-08-10T06:02:22Z
577102000,HARU,YJSU3,VUT,9241932,2012-08-08T12:17:50Z,2016-01-12T03:24:55Z
577315000,SEIN GRACE,YJUM8,VUT,8609979,2015-02-11T06:04:07Z,2016-04-07T12:34:12Z
577122000,IBUKI,YJTD3,VUT,9666481,2012-12-25T02:05:09Z,2014-12-08T02:01:13Z
577167000,TAISEI MARU 15,YJTJ8,VUT,8710728,2013-05-14T04:44:15Z,2013-05-15T23:23:17Z
577168000,TAISEI MARU 15,YJTJ8,VUT,8710728,2013-05-16T01:36:09Z,2013-11-06T00:28:35Z
577169000,TAISEI MARU 15,YJTJ8,VUT,8710728,2013-11-06T03:11:44Z,2015-05-15T00:08:32Z
577082000,TALOFA,YJRZ7,VUT,8223311,2012-06-04T14:09:50Z,2017-03-27T19:43:49Z
900466888,TALOFA,YJRZ7,VUT,8223311,2015-06-26T05:51:57Z,2015-06-27T04:35:48Z
576285000,HOUTA MARU,YJQD7,VUT,9003158,2012-01-01T11:35:33Z,2018-01-02T02:20:21Z
576689000,ZEFYROS,YJQK7,VUT,8916748,2012-01-01T09:36:06Z,2016-11-23T16:29:17Z
576705384,ZEFYROS,YJQK7,VUT,8916748,2016-02-15T12:02:51Z,2016-02-19T10:35:20Z
576688000,FRIO DOLPHIN,YJQK2,VUT,8807442,2012-01-02T13:05:38Z,2016-10-05T16:02:03Z
576270000,HIKARI 1,YJVY7,VUT,9293313,2012-01-02T23:15:29Z,2015-11-21T01:31:13Z
576107000,LADY TUNA,YJQS6,VUT,9453418,2012-01-01T08:17:17Z,2015-08-27T00:59:55Z
576276000,SHIN FUJI,YJQA4,VUT,9140281,2012-01-01T03:32:23Z,2016-04-19T20:30:12Z
577077000,TAIHO MARU,YJRZ2,VUT,9459591,2012-05-26T02:17:54Z,2016-02-08T00:53:01Z
576507000,OCEANUS,YJQH9,VUT,9194919,2012-01-01T01:31:14Z,2014-04-20T05:43:07Z
576395000,YU HSIANG MARU,YJQE3,VUT,9172909,2012-01-06T10:01:10Z,2015-01-28T05:05:06Z
576397000,KAIHO MARU,YJQE4,VUT,8909680,2012-01-01T10:57:58Z,2015-10-14T02:52:42Z
577161000,HSIANG FU,YJTH9,VUT,9684067,2014-04-23T16:06:21Z,2016-12-14T05:00:15Z
576274000,NEW SATSUKI,YJVZ8,VUT,8920024,2012-01-05T13:26:05Z,2013-04-10T13:35:15Z
576195000,LA MANCHE,YJVT7,VUT,8226739,2012-01-06T06:24:36Z,2018-06-30T23:33:35Z
576328000,GENTA MARU,YJRE3,VUT,9620384,2012-01-21T00:23:34Z,2015-10-27T05:29:50Z
576414000,TENHO MARU,YJQE5,VUT,9128764,2012-01-01T01:32:27Z,2016-04-11T04:20:08Z
576414009,TENHO MARU,YJQE5,VUT,9128764,2014-08-02T01:13:45Z,2014-12-15T03:08:36Z
576419000,MEITA MARU,YJQE8,VUT,9071583,2012-01-04T00:32:09Z,2015-09-16T02:14:29Z
576420000,VICTORIA,YJQE9,VUT,9140097,2012-01-01T05:06:46Z,2015-12-11T22:01:16Z
576687000,FUTAGAMI,YJQJ8,VUT,9105293,2012-01-03T00:09:37Z,2016-02-04T00:17:00Z
576728000,LUNG YUIN,YJQP3,VUT,9048603,2012-01-28T22:48:34Z,2018-06-30T23:22:38Z
576732000,SHOTA MARU,YJQP4,VUT,9194892,2012-07-27T13:52:28Z,2016-06-14T00:12:43Z
577132000,CHIKUMA,YJTE5,VUT,9666493,2013-02-11T06:07:13Z,2015-09-20T17:24:31Z
NA,GREENNOVA,PJNC,BHS,9009669,NA,NA
NA,TAMAHOPE,9LU2195,BHS,8517346,NA,NA
NA,HENGYU,HONN,BLZ,8908739,NA,NA
NA,HAIXING6,NA,CHN,9024724,NA,NA
NA,JINGLENG3,NA,CHN,8891455,NA,NA
NA,LIAO CHANG LENG 5,BALQ,CHN,8956906,NA,NA
NA,TENGYUAN,BAGO,CHN,9211523,NA,NA
NA,LU RONG YUAN YU YUN 168,BBZS4,CHN,9736339,NA,NA
NA,HAIFENG830,BSST,CHN,7379412,NA,NA
NA,TAI SHENG,BBRH,CHN,8310267,NA,NA
NA,ZHOUYULENG3,BKWF,CHN,8831986,NA,NA
NA,ZHOUYULENG7,BKWE,CHN,8887985,NA,NA
NA,ZHOUYULENG8,BKWD,CHN,8887997,NA,NA
NA,SUTTIREEFER,HQXQ9,HND,7713228,NA,NA
NA,NITAYAREEFER1,HQXI2,HND,6822553,NA,NA
NA,SEISHO MARU NO.38,JH3209,JPN,9032355,NA,NA
NA,SUWA MARU NO.22,JE2910,JPN,8809268,NA,NA
NA,TANGERINE88,XUCQ9,KHM,7931674,NA,NA
NA,CHANGFENG,E6CH2,KIR,8627309,NA,NA
NA,HAN YI,T3KV,KIR,9441960,NA,NA
NA,SEAPEARL,C6PX9,KIR,9008639,NA,NA
NA,SAPPORO,DSNV6,KIR,8513039,NA,NA
NA,NORCAPE,9HDB5,KNA,8800224,NA,NA
NA,EWKILIMANJARO,3EVL6,LBR,8807466,NA,NA
NA,SEAPHOENIX,3EAJ9,LBR,9045156,NA,NA
NA,URUGUAYSTAR,3FNJ,LBR,9017264,NA,NA
NA,WINDFROST,3EHL5,LBR,8807662,NA,NA
NA,TORAH,3EPB4,MHL,8815023,NA,NA
NA,SEINSTAR,3EMM7,MLT,8319029,NA,NA
NA,WINDFROST,3EHL5,MLT,8807662,NA,NA
NA,SILVERSTATT,3EXR3,NOR,8911487,NA,NA
NA,BELLATRIX,HO4683,PAN,8403961,NA,NA
NA,BARON1,HOBE,PAN,8911619,NA,NA
NA,FONGQUN,3EDM10,PAN,7920728,NA,NA
NA,KHOROL,UDGG,PAN,8904068,NA,NA
NA,KRASKINO,UHBQ,PAN,8906808,NA,NA
NA,LUNGYUIN,3FGA8,PAN,9048603,NA,NA
NA,MAGELLANIC,3EGS8,PAN,8814902,NA,NA
NA,NEWHAYATSUKI,HPGU,PAN,9003756,NA,NA
NA,SEAVIC REEFER,3FKV4,PAN,7724186,NA,NA
NA,DOLLY 889,DUL6502,PHL,8211007,NA,NA
NA,EASTERNCOAST,DUL6023,PHL,8223983,NA,NA
NA,PACIFIC PLOVER,DUTR6,PHL,8513352,NA,NA
NA,YASNOMORSKIY,UHVD,RUS,8136817,NA,NA
NA,FRIOCANARIAS,UBPC,RUS,8502432,NA,NA
NA,TAIS,UIWE,RUS,9101871,NA,NA
NA,RYS,UDJG,RUS,8725694,NA,NA
NA,MINGFA,V4LW,SLE,7809390,NA,NA
NA,ISIDA,9LC2140,SLE,8320834,NA,NA
NA,BWMPRINCESA,NA,THA,7713228,NA,NA
NA,SPRINCESA,HSB5949,THA,7713228,NA,NA
NA,SUPERIORREEFER,HSB3113,THA,7811513,NA,NA
NA,TIANTAI,JVHH9,TZA,7905039,NA,NA
NA,SERVIS,J8B3225,VCT,7368621,NA,NA
